filename,semantic_label,partition,numeric_label,task
04494.png,pantheon,val,0,target
03865_aug_0.png,hofburg_imperial_palace,train,1,target
05965.png,hofburg_imperial_palace,test,1,target
00664.png,pantheon,test,0,target
11156_aug_0.png,pantheon,train,0,target
05075_aug_0.png,hofburg_imperial_palace,train,1,target
04985.png,hofburg_imperial_palace,val,1,target
09735_aug_0.png,hofburg_imperial_palace,train,1,target
12048_aug_0.png,pantheon,train,0,target
12101_aug_0.png,pantheon,train,0,target
04685_aug_0.png,hofburg_imperial_palace,train,1,target
09424.png,pantheon,test,0,target
12380.png,pantheon,val,0,target
09024.png,pantheon,test,0,target
01325.png,hofburg_imperial_palace,val,1,target
10739_aug_0.png,pantheon,train,0,target
00365.png,hofburg_imperial_palace,val,1,target
00414.png,,challenge,,target
08134.png,,challenge,,target
03664.png,pantheon,test,0,target
09325_aug_0.png,hofburg_imperial_palace,train,1,target
12184.png,,challenge,,target
11617.png,pantheon,val,0,target
09845.png,,challenge,,target
01215.png,hofburg_imperial_palace,val,1,target
06374_aug_0.png,pantheon,train,0,target
09535.png,,challenge,,target
03414.png,pantheon,test,0,target
00744_aug_0.png,pantheon,train,0,target
05515.png,hofburg_imperial_palace,val,1,target
07235.png,hofburg_imperial_palace,val,1,target
09814.png,pantheon,test,0,target
05395.png,hofburg_imperial_palace,val,1,target
10360_aug_0.png,pantheon,train,0,target
06215.png,hofburg_imperial_palace,val,1,target
01295_aug_0.png,hofburg_imperial_palace,train,1,target
11921_aug_0.png,pantheon,train,0,target
09355.png,,challenge,,target
11433.png,pantheon,val,0,target
09665.png,hofburg_imperial_palace,val,1,target
10245_aug_0.png,pantheon,train,0,target
02534_aug_0.png,pantheon,train,0,target
09084_aug_0.png,pantheon,train,0,target
03314_aug_0.png,pantheon,train,0,target
09965_aug_0.png,hofburg_imperial_palace,train,1,target
10251_aug_0.png,pantheon,train,0,target
09835.png,hofburg_imperial_palace,val,1,target
02974_aug_0.png,pantheon,train,0,target
02614.png,pantheon,test,0,target
11382.png,pantheon,test,0,target
07154.png,,challenge,,target
04185.png,,challenge,,target
06024.png,pantheon,val,0,target
11217_aug_0.png,pantheon,train,0,target
10991_aug_0.png,pantheon,train,0,target
03255_aug_0.png,hofburg_imperial_palace,train,1,target
06424_aug_0.png,pantheon,train,0,target
00615.png,hofburg_imperial_palace,val,1,target
01365.png,,challenge,,target
07674_aug_0.png,pantheon,train,0,target
08115.png,hofburg_imperial_palace,val,1,target
08145.png,,challenge,,target
10578.png,pantheon,val,0,target
00595.png,hofburg_imperial_palace,test,1,target
05275_aug_0.png,hofburg_imperial_palace,train,1,target
10520_aug_0.png,pantheon,train,0,target
08505.png,hofburg_imperial_palace,test,1,target
00055.png,hofburg_imperial_palace,test,1,target
10839.png,pantheon,test,0,target
04925.png,,challenge,,target
00805.png,,challenge,,target
02225_aug_0.png,hofburg_imperial_palace,train,1,target
02115.png,hofburg_imperial_palace,val,1,target
02765.png,hofburg_imperial_palace,val,1,target
02875.png,hofburg_imperial_palace,val,1,target
07735_aug_0.png,hofburg_imperial_palace,train,1,target
02995_aug_0.png,hofburg_imperial_palace,train,1,target
07805.png,,challenge,,target
12284.png,,challenge,,target
08485.png,hofburg_imperial_palace,val,1,target
08275.png,,challenge,,target
07855_aug_0.png,hofburg_imperial_palace,train,1,target
04865.png,,challenge,,target
11523.png,,challenge,,target
10997.png,,challenge,,target
05995.png,hofburg_imperial_palace,test,1,target
09705.png,hofburg_imperial_palace,val,1,target
04675_aug_0.png,hofburg_imperial_palace,train,1,target
07125_aug_0.png,hofburg_imperial_palace,train,1,target
07865.png,hofburg_imperial_palace,val,1,target
03945.png,hofburg_imperial_palace,val,1,target
11497.png,pantheon,test,0,target
08494.png,pantheon,val,0,target
10229.png,pantheon,val,0,target
07754_aug_0.png,pantheon,train,0,target
06214.png,pantheon,test,0,target
05714_aug_0.png,pantheon,train,0,target
05645_aug_0.png,hofburg_imperial_palace,train,1,target
00745.png,,challenge,,target
01495.png,,challenge,,target
07245.png,hofburg_imperial_palace,val,1,target
04965_aug_0.png,hofburg_imperial_palace,train,1,target
07985.png,,challenge,,target
00404_aug_0.png,pantheon,train,0,target
04885_aug_0.png,hofburg_imperial_palace,train,1,target
06425.png,hofburg_imperial_palace,val,1,target
04584_aug_0.png,pantheon,train,0,target
11840.png,,challenge,,target
08825.png,,challenge,,target
05364_aug_0.png,pantheon,train,0,target
07854.png,,challenge,,target
11234.png,pantheon,test,0,target
05594_aug_0.png,pantheon,train,0,target
00695.png,hofburg_imperial_palace,val,1,target
08654.png,,challenge,,target
07595.png,hofburg_imperial_palace,val,1,target
09514.png,,challenge,,target
06675_aug_0.png,hofburg_imperial_palace,train,1,target
09354.png,pantheon,val,0,target
05935.png,hofburg_imperial_palace,val,1,target
07914.png,pantheon,val,0,target
03154.png,pantheon,val,0,target
00035.png,hofburg_imperial_palace,test,1,target
08854_aug_0.png,pantheon,train,0,target
04355.png,,challenge,,target
11428.png,,challenge,,target
07165.png,hofburg_imperial_palace,val,1,target
01145.png,,challenge,,target
05155_aug_0.png,hofburg_imperial_palace,train,1,target
10288.png,,challenge,,target
09395_aug_0.png,hofburg_imperial_palace,train,1,target
07505.png,hofburg_imperial_palace,val,1,target
09275_aug_0.png,hofburg_imperial_palace,train,1,target
09195.png,hofburg_imperial_palace,val,1,target
01875.png,hofburg_imperial_palace,val,1,target
10764_aug_0.png,pantheon,train,0,target
01274.png,pantheon,test,0,target
06594_aug_0.png,pantheon,train,0,target
00845.png,,challenge,,target
04855_aug_0.png,hofburg_imperial_palace,train,1,target
04515.png,,challenge,,target
12091_aug_0.png,pantheon,train,0,target
06044.png,,challenge,,target
06115_aug_0.png,hofburg_imperial_palace,train,1,target
02104_aug_0.png,pantheon,train,0,target
07214_aug_0.png,pantheon,train,0,target
02165.png,hofburg_imperial_palace,val,1,target
06294.png,pantheon,val,0,target
03875.png,hofburg_imperial_palace,val,1,target
01285_aug_0.png,hofburg_imperial_palace,train,1,target
00685.png,hofburg_imperial_palace,val,1,target
03655_aug_0.png,hofburg_imperial_palace,train,1,target
06255.png,hofburg_imperial_palace,test,1,target
06834.png,pantheon,val,0,target
07774_aug_0.png,pantheon,train,0,target
05154_aug_0.png,pantheon,train,0,target
01655.png,,challenge,,target
10909.png,,challenge,,target
08044_aug_0.png,pantheon,train,0,target
09544_aug_0.png,pantheon,train,0,target
09525_aug_0.png,hofburg_imperial_palace,train,1,target
02185_aug_0.png,hofburg_imperial_palace,train,1,target
08555_aug_0.png,hofburg_imperial_palace,train,1,target
03504.png,pantheon,val,0,target
04335.png,hofburg_imperial_palace,test,1,target
06934.png,pantheon,val,0,target
08445.png,hofburg_imperial_palace,test,1,target
02195_aug_0.png,hofburg_imperial_palace,train,1,target
01035.png,hofburg_imperial_palace,val,1,target
08314_aug_0.png,pantheon,train,0,target
00354.png,pantheon,test,0,target
04755_aug_0.png,hofburg_imperial_palace,train,1,target
07925.png,,challenge,,target
01265.png,,challenge,,target
05844_aug_0.png,pantheon,train,0,target
03684_aug_0.png,pantheon,train,0,target
11206.png,,challenge,,target
06184_aug_0.png,pantheon,train,0,target
05685_aug_0.png,hofburg_imperial_palace,train,1,target
07504.png,,challenge,,target
06545_aug_0.png,hofburg_imperial_palace,train,1,target
09125.png,,challenge,,target
03375_aug_0.png,hofburg_imperial_palace,train,1,target
01664.png,pantheon,test,0,target
03095_aug_0.png,hofburg_imperial_palace,train,1,target
11003.png,,challenge,,target
09254.png,,challenge,,target
04595_aug_0.png,hofburg_imperial_palace,train,1,target
08335_aug_0.png,hofburg_imperial_palace,train,1,target
01665_aug_0.png,hofburg_imperial_palace,train,1,target
04974.png,pantheon,test,0,target
01955_aug_0.png,hofburg_imperial_palace,train,1,target
00884.png,,challenge,,target
00124.png,,challenge,,target
10772.png,pantheon,val,0,target
05565.png,hofburg_imperial_palace,val,1,target
01005.png,hofburg_imperial_palace,test,1,target
08424_aug_0.png,pantheon,train,0,target
07304.png,,challenge,,target
08605.png,,challenge,,target
02535_aug_0.png,hofburg_imperial_palace,train,1,target
02635.png,,challenge,,target
12063_aug_0.png,pantheon,train,0,target
08075.png,,challenge,,target
01575.png,hofburg_imperial_palace,val,1,target
02294_aug_0.png,pantheon,train,0,target
09394.png,pantheon,val,0,target
06005.png,,challenge,,target
10590.png,pantheon,test,0,target
12465_aug_0.png,pantheon,train,0,target
11128.png,pantheon,test,0,target
11291.png,,challenge,,target
05955_aug_0.png,hofburg_imperial_palace,train,1,target
07494.png,,challenge,,target
09765.png,hofburg_imperial_palace,val,1,target
05545.png,,challenge,,target
01905_aug_0.png,hofburg_imperial_palace,train,1,target
09025.png,hofburg_imperial_palace,test,1,target
10067_aug_0.png,pantheon,train,0,target
03624.png,pantheon,val,0,target
09294.png,,challenge,,target
07254_aug_0.png,pantheon,train,0,target
02204.png,,challenge,,target
01475.png,hofburg_imperial_palace,test,1,target
04705.png,hofburg_imperial_palace,val,1,target
04415.png,,challenge,,target
06964_aug_0.png,pantheon,train,0,target
09304_aug_0.png,pantheon,train,0,target
00385.png,,challenge,,target
03254.png,,challenge,,target
03665_aug_0.png,hofburg_imperial_palace,train,1,target
10028_aug_0.png,pantheon,train,0,target
02224.png,pantheon,val,0,target
10503_aug_0.png,pantheon,train,0,target
07935.png,hofburg_imperial_palace,test,1,target
04694_aug_0.png,pantheon,train,0,target
01135_aug_0.png,hofburg_imperial_palace,train,1,target
12157_aug_0.png,pantheon,train,0,target
01595.png,,challenge,,target
11321.png,,challenge,,target
04764_aug_0.png,pantheon,train,0,target
00025_aug_0.png,hofburg_imperial_palace,train,1,target
05085.png,hofburg_imperial_palace,val,1,target
02514_aug_0.png,pantheon,train,0,target
01195.png,hofburg_imperial_palace,val,1,target
02734_aug_0.png,pantheon,train,0,target
10290.png,,challenge,,target
12024.png,,challenge,,target
00525_aug_0.png,hofburg_imperial_palace,train,1,target
10766_aug_0.png,pantheon,train,0,target
02214.png,,challenge,,target
00794.png,,challenge,,target
12266.png,,challenge,,target
06674_aug_0.png,pantheon,train,0,target
09344_aug_0.png,pantheon,train,0,target
08484_aug_0.png,pantheon,train,0,target
03195.png,,challenge,,target
03355.png,hofburg_imperial_palace,val,1,target
04065.png,,challenge,,target
02994.png,,challenge,,target
06875_aug_0.png,hofburg_imperial_palace,train,1,target
02135.png,hofburg_imperial_palace,val,1,target
00524_aug_0.png,pantheon,train,0,target
09794_aug_0.png,pantheon,train,0,target
06795_aug_0.png,hofburg_imperial_palace,train,1,target
02464.png,pantheon,val,0,target
08245_aug_0.png,hofburg_imperial_palace,train,1,target
00165.png,,challenge,,target
11085.png,,challenge,,target
00795.png,hofburg_imperial_palace,val,1,target
04715.png,hofburg_imperial_palace,val,1,target
02044.png,,challenge,,target
01535.png,hofburg_imperial_palace,test,1,target
00444_aug_0.png,pantheon,train,0,target
05175.png,hofburg_imperial_palace,test,1,target
02575_aug_0.png,hofburg_imperial_palace,train,1,target
02625_aug_0.png,hofburg_imperial_palace,train,1,target
00815.png,,challenge,,target
05475.png,hofburg_imperial_palace,val,1,target
08405_aug_0.png,hofburg_imperial_palace,train,1,target
05125_aug_0.png,hofburg_imperial_palace,train,1,target
06264_aug_0.png,pantheon,train,0,target
02685.png,hofburg_imperial_palace,test,1,target
04875.png,,challenge,,target
09594_aug_0.png,pantheon,train,0,target
00724_aug_0.png,pantheon,train,0,target
11266.png,,challenge,,target
00325.png,,challenge,,target
11774_aug_0.png,pantheon,train,0,target
07545.png,,challenge,,target
05315_aug_0.png,hofburg_imperial_palace,train,1,target
04134.png,,challenge,,target
02025.png,,challenge,,target
05904_aug_0.png,pantheon,train,0,target
08765.png,,challenge,,target
02394.png,pantheon,test,0,target
06905.png,hofburg_imperial_palace,val,1,target
09894.png,pantheon,test,0,target
05184.png,pantheon,val,0,target
04955_aug_0.png,hofburg_imperial_palace,train,1,target
11275.png,pantheon,val,0,target
08964_aug_0.png,pantheon,train,0,target
08434_aug_0.png,pantheon,train,0,target
07485_aug_0.png,hofburg_imperial_palace,train,1,target
12301_aug_0.png,pantheon,train,0,target
02965.png,hofburg_imperial_palace,val,1,target
07765_aug_0.png,hofburg_imperial_palace,train,1,target
09905_aug_0.png,hofburg_imperial_palace,train,1,target
01834_aug_0.png,pantheon,train,0,target
00975_aug_0.png,hofburg_imperial_palace,train,1,target
00675_aug_0.png,hofburg_imperial_palace,train,1,target
05434_aug_0.png,pantheon,train,0,target
03115.png,,challenge,,target
08355.png,,challenge,,target
00985.png,,challenge,,target
03444_aug_0.png,pantheon,train,0,target
02445_aug_0.png,hofburg_imperial_palace,train,1,target
10050.png,,challenge,,target
03535.png,,challenge,,target
00785_aug_0.png,hofburg_imperial_palace,train,1,target
09045_aug_0.png,hofburg_imperial_palace,train,1,target
09444_aug_0.png,pantheon,train,0,target
09855.png,hofburg_imperial_palace,val,1,target
07094.png,,challenge,,target
00084.png,,challenge,,target
02284.png,,challenge,,target
04165.png,,challenge,,target
12117_aug_0.png,pantheon,train,0,target
09995_aug_0.png,hofburg_imperial_palace,train,1,target
03614_aug_0.png,pantheon,train,0,target
07695.png,,challenge,,target
03694_aug_0.png,pantheon,train,0,target
11474_aug_0.png,pantheon,train,0,target
00594_aug_0.png,pantheon,train,0,target
11540.png,,challenge,,target
01685_aug_0.png,hofburg_imperial_palace,train,1,target
05635.png,,challenge,,target
05095.png,hofburg_imperial_palace,val,1,target
12003_aug_0.png,pantheon,train,0,target
01004.png,,challenge,,target
01764_aug_0.png,pantheon,train,0,target
05845.png,hofburg_imperial_palace,val,1,target
02945_aug_0.png,hofburg_imperial_palace,train,1,target
08165_aug_0.png,hofburg_imperial_palace,train,1,target
05625.png,,challenge,,target
05605.png,hofburg_imperial_palace,val,1,target
08855_aug_0.png,hofburg_imperial_palace,train,1,target
06584_aug_0.png,pantheon,train,0,target
09085.png,hofburg_imperial_palace,test,1,target
09404.png,pantheon,val,0,target
02745.png,hofburg_imperial_palace,test,1,target
06265_aug_0.png,hofburg_imperial_palace,train,1,target
11491.png,,challenge,,target
07755.png,hofburg_imperial_palace,val,1,target
03084.png,,challenge,,target
03755.png,hofburg_imperial_palace,test,1,target
08734.png,,challenge,,target
01465.png,,challenge,,target
08064.png,,challenge,,target
10266_aug_0.png,pantheon,train,0,target
08924_aug_0.png,pantheon,train,0,target
08325_aug_0.png,hofburg_imperial_palace,train,1,target
03474.png,pantheon,val,0,target
10634.png,pantheon,test,0,target
11144.png,pantheon,val,0,target
10222_aug_0.png,pantheon,train,0,target
03725.png,,challenge,,target
09345.png,hofburg_imperial_palace,val,1,target
07904_aug_0.png,pantheon,train,0,target
02245.png,,challenge,,target
07604.png,pantheon,val,0,target
05985_aug_0.png,hofburg_imperial_palace,train,1,target
11517_aug_0.png,pantheon,train,0,target
02645_aug_0.png,hofburg_imperial_palace,train,1,target
10274_aug_0.png,pantheon,train,0,target
08565_aug_0.png,hofburg_imperial_palace,train,1,target
04674.png,,challenge,,target
04525_aug_0.png,hofburg_imperial_palace,train,1,target
00094.png,pantheon,val,0,target
02714.png,,challenge,,target
02674.png,pantheon,val,0,target
04195_aug_0.png,hofburg_imperial_palace,train,1,target
07055_aug_0.png,hofburg_imperial_palace,train,1,target
01344.png,pantheon,val,0,target
09305.png,,challenge,,target
07195.png,hofburg_imperial_palace,val,1,target
05854.png,pantheon,val,0,target
06945_aug_0.png,hofburg_imperial_palace,train,1,target
11511_aug_0.png,pantheon,train,0,target
06984.png,,challenge,,target
01634_aug_0.png,pantheon,train,0,target
07655.png,hofburg_imperial_palace,test,1,target
07425.png,hofburg_imperial_palace,val,1,target
04795.png,hofburg_imperial_palace,test,1,target
01794.png,pantheon,test,0,target
00064_aug_0.png,pantheon,train,0,target
11903_aug_0.png,pantheon,train,0,target
01474.png,,challenge,,target
11056.png,pantheon,val,0,target
09265.png,,challenge,,target
04645.png,hofburg_imperial_palace,test,1,target
03234_aug_0.png,pantheon,train,0,target
02615_aug_0.png,hofburg_imperial_palace,train,1,target
10915_aug_0.png,pantheon,train,0,target
06904_aug_0.png,pantheon,train,0,target
05425.png,,challenge,,target
03315_aug_0.png,hofburg_imperial_palace,train,1,target
04725.png,,challenge,,target
01795_aug_0.png,hofburg_imperial_palace,train,1,target
06485_aug_0.png,hofburg_imperial_palace,train,1,target
01835_aug_0.png,hofburg_imperial_palace,train,1,target
02244.png,,challenge,,target
03134_aug_0.png,pantheon,train,0,target
04075.png,,challenge,,target
08135.png,,challenge,,target
11816_aug_0.png,pantheon,train,0,target
12334.png,pantheon,test,0,target
02154_aug_0.png,pantheon,train,0,target
11979_aug_0.png,pantheon,train,0,target
12134_aug_0.png,pantheon,train,0,target
08865.png,hofburg_imperial_palace,val,1,target
12311.png,,challenge,,target
04744.png,pantheon,val,0,target
08575.png,hofburg_imperial_palace,val,1,target
03035_aug_0.png,hofburg_imperial_palace,train,1,target
10752.png,,challenge,,target
09114.png,pantheon,test,0,target
00554_aug_0.png,pantheon,train,0,target
10538.png,pantheon,val,0,target
01164.png,,challenge,,target
07185.png,hofburg_imperial_palace,val,1,target
07835.png,,challenge,,target
09054.png,pantheon,val,0,target
01404.png,pantheon,val,0,target
04815_aug_0.png,hofburg_imperial_palace,train,1,target
08725_aug_0.png,hofburg_imperial_palace,train,1,target
09854.png,pantheon,val,0,target
07465.png,hofburg_imperial_palace,test,1,target
05585_aug_0.png,hofburg_imperial_palace,train,1,target
10413.png,pantheon,val,0,target
09164.png,pantheon,val,0,target
02075.png,,challenge,,target
00134.png,,challenge,,target
03325_aug_0.png,hofburg_imperial_palace,train,1,target
09445.png,hofburg_imperial_palace,val,1,target
11912_aug_0.png,pantheon,train,0,target
07775.png,hofburg_imperial_palace,test,1,target
02454.png,pantheon,val,0,target
07535.png,hofburg_imperial_palace,val,1,target
05204_aug_0.png,pantheon,train,0,target
01054_aug_0.png,pantheon,train,0,target
00275.png,hofburg_imperial_palace,val,1,target
01084.png,,challenge,,target
00224.png,pantheon,val,0,target
06864_aug_0.png,pantheon,train,0,target
01705_aug_0.png,hofburg_imperial_palace,train,1,target
10519.png,pantheon,val,0,target
02255_aug_0.png,hofburg_imperial_palace,train,1,target
06235.png,,challenge,,target
00394.png,pantheon,test,0,target
01754_aug_0.png,pantheon,train,0,target
01154_aug_0.png,pantheon,train,0,target
11316.png,pantheon,val,0,target
12141.png,,challenge,,target
09825.png,hofburg_imperial_palace,test,1,target
01545.png,hofburg_imperial_palace,test,1,target
03734.png,,challenge,,target
01845.png,hofburg_imperial_palace,val,1,target
01214.png,,challenge,,target
00334_aug_0.png,pantheon,train,0,target
00265.png,hofburg_imperial_palace,test,1,target
04095.png,,challenge,,target
09134_aug_0.png,pantheon,train,0,target
06775_aug_0.png,hofburg_imperial_palace,train,1,target
00305.png,hofburg_imperial_palace,test,1,target
06134.png,pantheon,val,0,target
01714_aug_0.png,pantheon,train,0,target
06055.png,,challenge,,target
11020.png,,challenge,,target
07354_aug_0.png,pantheon,train,0,target
08655_aug_0.png,hofburg_imperial_palace,train,1,target
03464_aug_0.png,pantheon,train,0,target
02264.png,,challenge,,target
09505_aug_0.png,hofburg_imperial_palace,train,1,target
05835.png,hofburg_imperial_palace,val,1,target
05954_aug_0.png,pantheon,train,0,target
10084_aug_0.png,pantheon,train,0,target
12211.png,pantheon,val,0,target
08304_aug_0.png,pantheon,train,0,target
06865_aug_0.png,hofburg_imperial_palace,train,1,target
06354_aug_0.png,pantheon,train,0,target
07725.png,,challenge,,target
02585.png,,challenge,,target
06595.png,hofburg_imperial_palace,val,1,target
07225.png,hofburg_imperial_palace,val,1,target
09145.png,,challenge,,target
04615_aug_0.png,hofburg_imperial_palace,train,1,target
08035_aug_0.png,hofburg_imperial_palace,train,1,target
01525_aug_0.png,hofburg_imperial_palace,train,1,target
07955.png,hofburg_imperial_palace,val,1,target
05215_aug_0.png,hofburg_imperial_palace,train,1,target
04915.png,hofburg_imperial_palace,val,1,target
00105.png,,challenge,,target
09035_aug_0.png,hofburg_imperial_palace,train,1,target
03175.png,hofburg_imperial_palace,val,1,target
06744.png,,challenge,,target
03764.png,pantheon,val,0,target
04205_aug_0.png,hofburg_imperial_palace,train,1,target
08895.png,hofburg_imperial_palace,test,1,target
06415.png,,challenge,,target
03834.png,pantheon,test,0,target
08394.png,pantheon,val,0,target
11988.png,,challenge,,target
02895_aug_0.png,hofburg_imperial_palace,train,1,target
04564_aug_0.png,pantheon,train,0,target
05314.png,,challenge,,target
05285.png,hofburg_imperial_palace,val,1,target
09385_aug_0.png,hofburg_imperial_palace,train,1,target
00135.png,hofburg_imperial_palace,val,1,target
03475.png,hofburg_imperial_palace,val,1,target
03165_aug_0.png,hofburg_imperial_palace,train,1,target
10239.png,,challenge,,target
00514.png,pantheon,test,0,target
02385.png,hofburg_imperial_palace,val,1,target
02404.png,pantheon,val,0,target
01065_aug_0.png,hofburg_imperial_palace,train,1,target
06734.png,,challenge,,target
11649.png,,challenge,,target
03155_aug_0.png,hofburg_imperial_palace,train,1,target
05614.png,,challenge,,target
07634.png,,challenge,,target
11633.png,pantheon,val,0,target
10376.png,,challenge,,target
12241.png,pantheon,val,0,target
06644_aug_0.png,pantheon,train,0,target
04155.png,hofburg_imperial_palace,val,1,target
09364.png,,challenge,,target
01724.png,pantheon,val,0,target
02125_aug_0.png,hofburg_imperial_palace,train,1,target
05895.png,,challenge,,target
04735_aug_0.png,hofburg_imperial_palace,train,1,target
06095.png,,challenge,,target
00014.png,pantheon,test,0,target
11487.png,pantheon,test,0,target
09335_aug_0.png,hofburg_imperial_palace,train,1,target
00425.png,hofburg_imperial_palace,test,1,target
11338.png,pantheon,test,0,target
10623.png,pantheon,test,0,target
11565.png,,challenge,,target
08185_aug_0.png,hofburg_imperial_palace,train,1,target
01745.png,hofburg_imperial_palace,val,1,target
05595.png,,challenge,,target
01185.png,,challenge,,target
01704_aug_0.png,pantheon,train,0,target
04144.png,pantheon,test,0,target
03135_aug_0.png,hofburg_imperial_palace,train,1,target
01825.png,hofburg_imperial_palace,val,1,target
09495_aug_0.png,hofburg_imperial_palace,train,1,target
07355.png,hofburg_imperial_palace,test,1,target
03654_aug_0.png,pantheon,train,0,target
02515.png,hofburg_imperial_palace,val,1,target
05195_aug_0.png,hofburg_imperial_palace,train,1,target
02595.png,hofburg_imperial_palace,test,1,target
04295.png,hofburg_imperial_palace,test,1,target
10821.png,pantheon,val,0,target
09295.png,,challenge,,target
06225_aug_0.png,hofburg_imperial_palace,train,1,target
03545.png,hofburg_imperial_palace,val,1,target
02175_aug_0.png,hofburg_imperial_palace,train,1,target
04544.png,,challenge,,target
02865_aug_0.png,hofburg_imperial_palace,train,1,target
07724.png,pantheon,val,0,target
00835.png,hofburg_imperial_palace,val,1,target
04385_aug_0.png,hofburg_imperial_palace,train,1,target
04775_aug_0.png,hofburg_imperial_palace,train,1,target
03455_aug_0.png,hofburg_imperial_palace,train,1,target
03955.png,hofburg_imperial_palace,test,1,target
08625_aug_0.png,hofburg_imperial_palace,train,1,target
08324.png,,challenge,,target
03085.png,hofburg_imperial_palace,test,1,target
04485_aug_0.png,hofburg_imperial_palace,train,1,target
03555_aug_0.png,hofburg_imperial_palace,train,1,target
08345_aug_0.png,hofburg_imperial_palace,train,1,target
04015_aug_0.png,hofburg_imperial_palace,train,1,target
11866_aug_0.png,pantheon,train,0,target
02274_aug_0.png,pantheon,train,0,target
04845.png,hofburg_imperial_palace,test,1,target
00535.png,hofburg_imperial_palace,test,1,target
04455_aug_0.png,hofburg_imperial_palace,train,1,target
04535_aug_0.png,hofburg_imperial_palace,train,1,target
10690.png,,challenge,,target
07994_aug_0.png,pantheon,train,0,target
11066.png,pantheon,val,0,target
06715_aug_0.png,hofburg_imperial_palace,train,1,target
05324_aug_0.png,pantheon,train,0,target
04395.png,,challenge,,target
03164_aug_0.png,pantheon,train,0,target
07474_aug_0.png,pantheon,train,0,target
12043.png,,challenge,,target
11441_aug_0.png,pantheon,train,0,target
07364_aug_0.png,pantheon,train,0,target
05884.png,pantheon,val,0,target
08615_aug_0.png,hofburg_imperial_palace,train,1,target
02555.png,,challenge,,target
07445_aug_0.png,hofburg_imperial_palace,train,1,target
02205_aug_0.png,hofburg_imperial_palace,train,1,target
10009.png,pantheon,val,0,target
12460.png,,challenge,,target
07384_aug_0.png,pantheon,train,0,target
01645_aug_0.png,hofburg_imperial_palace,train,1,target
08255_aug_0.png,hofburg_imperial_palace,train,1,target
11379_aug_0.png,pantheon,train,0,target
05604.png,,challenge,,target
08515.png,hofburg_imperial_palace,test,1,target
00694.png,,challenge,,target
00735_aug_0.png,hofburg_imperial_palace,train,1,target
05045.png,hofburg_imperial_palace,val,1,target
08094_aug_0.png,pantheon,train,0,target
03934.png,pantheon,val,0,target
10144.png,pantheon,val,0,target
03854.png,pantheon,test,0,target
00994.png,pantheon,val,0,target
11507_aug_0.png,pantheon,train,0,target
12018_aug_0.png,pantheon,train,0,target
06925.png,hofburg_imperial_palace,test,1,target
02884.png,pantheon,test,0,target
11971_aug_0.png,pantheon,train,0,target
00315_aug_0.png,hofburg_imperial_palace,train,1,target
06284.png,pantheon,val,0,target
05414_aug_0.png,pantheon,train,0,target
01565.png,hofburg_imperial_palace,val,1,target
03815_aug_0.png,hofburg_imperial_palace,train,1,target
08095.png,hofburg_imperial_palace,val,1,target
06845_aug_0.png,hofburg_imperial_palace,train,1,target
09485_aug_0.png,hofburg_imperial_palace,train,1,target
03625.png,hofburg_imperial_palace,val,1,target
01675_aug_0.png,hofburg_imperial_palace,train,1,target
03985_aug_0.png,hofburg_imperial_palace,train,1,target
07965_aug_0.png,hofburg_imperial_palace,train,1,target
12470.png,pantheon,val,0,target
06334_aug_0.png,pantheon,train,0,target
01744_aug_0.png,pantheon,train,0,target
00775_aug_0.png,hofburg_imperial_palace,train,1,target
04585.png,hofburg_imperial_palace,val,1,target
11873_aug_0.png,pantheon,train,0,target
09574.png,pantheon,val,0,target
06685.png,,challenge,,target
03224_aug_0.png,pantheon,train,0,target
06104.png,pantheon,val,0,target
01935_aug_0.png,hofburg_imperial_palace,train,1,target
00294.png,pantheon,test,0,target
03984_aug_0.png,pantheon,train,0,target
00555.png,,challenge,,target
02844_aug_0.png,pantheon,train,0,target
07975_aug_0.png,hofburg_imperial_palace,train,1,target
10534.png,pantheon,val,0,target
03925_aug_0.png,hofburg_imperial_palace,train,1,target
10320_aug_0.png,pantheon,train,0,target
08164.png,pantheon,val,0,target
06854.png,pantheon,val,0,target
11399_aug_0.png,pantheon,train,0,target
05294_aug_0.png,pantheon,train,0,target
05335.png,,challenge,,target
10629_aug_0.png,pantheon,train,0,target
08815_aug_0.png,hofburg_imperial_palace,train,1,target
09135.png,,challenge,,target
06534_aug_0.png,pantheon,train,0,target
04754_aug_0.png,pantheon,train,0,target
05885.png,hofburg_imperial_palace,test,1,target
04285_aug_0.png,hofburg_imperial_palace,train,1,target
02004.png,pantheon,val,0,target
04225_aug_0.png,hofburg_imperial_palace,train,1,target
11272.png,pantheon,val,0,target
04204.png,pantheon,val,0,target
11680_aug_0.png,pantheon,train,0,target
04074.png,pantheon,val,0,target
09435_aug_0.png,hofburg_imperial_palace,train,1,target
11461_aug_0.png,pantheon,train,0,target
09115_aug_0.png,hofburg_imperial_palace,train,1,target
05864_aug_0.png,pantheon,train,0,target
08675.png,hofburg_imperial_palace,val,1,target
09684_aug_0.png,pantheon,train,0,target
09184.png,pantheon,val,0,target
01205.png,,challenge,,target
03705_aug_0.png,hofburg_imperial_palace,train,1,target
02084_aug_0.png,pantheon,train,0,target
05865.png,,challenge,,target
08184_aug_0.png,pantheon,train,0,target
03404_aug_0.png,pantheon,train,0,target
12317.png,pantheon,val,0,target
10964_aug_0.png,pantheon,train,0,target
10558.png,,challenge,,target
11062_aug_0.png,pantheon,train,0,target
03635_aug_0.png,hofburg_imperial_palace,train,1,target
11811_aug_0.png,pantheon,train,0,target
09255.png,hofburg_imperial_palace,val,1,target
02784.png,pantheon,val,0,target
11386.png,,challenge,,target
07104_aug_0.png,pantheon,train,0,target
06114.png,pantheon,val,0,target
08315.png,hofburg_imperial_palace,test,1,target
07054_aug_0.png,pantheon,train,0,target
10459.png,pantheon,val,0,target
04835_aug_0.png,hofburg_imperial_palace,train,1,target
09315.png,,challenge,,target
01235_aug_0.png,hofburg_imperial_palace,train,1,target
07415.png,hofburg_imperial_palace,val,1,target
08664.png,pantheon,val,0,target
04314.png,,challenge,,target
06555.png,hofburg_imperial_palace,val,1,target
10156.png,,challenge,,target
03274.png,,challenge,,target
09575.png,,challenge,,target
02934_aug_0.png,pantheon,train,0,target
08794.png,pantheon,test,0,target
06695.png,,challenge,,target
09904.png,pantheon,test,0,target
05264_aug_0.png,pantheon,train,0,target
05805.png,,challenge,,target
02455_aug_0.png,hofburg_imperial_palace,train,1,target
01275_aug_0.png,hofburg_imperial_palace,train,1,target
10243.png,pantheon,test,0,target
03045_aug_0.png,hofburg_imperial_palace,train,1,target
09865.png,hofburg_imperial_palace,test,1,target
10090.png,pantheon,val,0,target
00645.png,,challenge,,target
08074_aug_0.png,pantheon,train,0,target
03944_aug_0.png,pantheon,train,0,target
09474.png,pantheon,val,0,target
08594.png,,challenge,,target
09874.png,,challenge,,target
06454.png,pantheon,test,0,target
09155_aug_0.png,hofburg_imperial_palace,train,1,target
11858.png,pantheon,val,0,target
01635.png,hofburg_imperial_palace,val,1,target
11349_aug_0.png,pantheon,train,0,target
04734_aug_0.png,pantheon,train,0,target
06194.png,,challenge,,target
11659_aug_0.png,pantheon,train,0,target
08205_aug_0.png,hofburg_imperial_palace,train,1,target
09764_aug_0.png,pantheon,train,0,target
02795_aug_0.png,hofburg_imperial_palace,train,1,target
09175_aug_0.png,hofburg_imperial_palace,train,1,target
12205_aug_0.png,pantheon,train,0,target
08334_aug_0.png,pantheon,train,0,target
01255.png,,challenge,,target
03615_aug_0.png,hofburg_imperial_palace,train,1,target
05725_aug_0.png,hofburg_imperial_palace,train,1,target
08124.png,,challenge,,target
05185_aug_0.png,hofburg_imperial_palace,train,1,target
06295.png,hofburg_imperial_palace,test,1,target
08294_aug_0.png,pantheon,train,0,target
06634_aug_0.png,pantheon,train,0,target
05025.png,hofburg_imperial_palace,test,1,target
03065.png,hofburg_imperial_palace,test,1,target
06974.png,pantheon,val,0,target
04254_aug_0.png,pantheon,train,0,target
04045_aug_0.png,hofburg_imperial_palace,train,1,target
11863_aug_0.png,pantheon,train,0,target
07295.png,hofburg_imperial_palace,val,1,target
11612_aug_0.png,pantheon,train,0,target
06375_aug_0.png,hofburg_imperial_palace,train,1,target
06995.png,hofburg_imperial_palace,test,1,target
02415.png,,challenge,,target
03595.png,hofburg_imperial_palace,val,1,target
09465.png,,challenge,,target
04975_aug_0.png,hofburg_imperial_palace,train,1,target
00995_aug_0.png,hofburg_imperial_palace,train,1,target
06144_aug_0.png,pantheon,train,0,target
11739.png,pantheon,val,0,target
00475_aug_0.png,hofburg_imperial_palace,train,1,target
05145.png,hofburg_imperial_palace,test,1,target
06815_aug_0.png,hofburg_imperial_palace,train,1,target
01975.png,hofburg_imperial_palace,val,1,target
09695.png,hofburg_imperial_palace,val,1,target
02505_aug_0.png,hofburg_imperial_palace,train,1,target
01464.png,pantheon,val,0,target
06335.png,,challenge,,target
10528.png,pantheon,val,0,target
06794_aug_0.png,pantheon,train,0,target
10894_aug_0.png,pantheon,train,0,target
01775_aug_0.png,hofburg_imperial_palace,train,1,target
07085_aug_0.png,hofburg_imperial_palace,train,1,target
07234.png,,challenge,,target
10872_aug_0.png,pantheon,train,0,target
04245.png,hofburg_imperial_palace,val,1,target
00254.png,,challenge,,target
06344_aug_0.png,pantheon,train,0,target
10545.png,pantheon,val,0,target
09824_aug_0.png,pantheon,train,0,target
09955_aug_0.png,hofburg_imperial_palace,train,1,target
04164.png,pantheon,val,0,target
00144.png,pantheon,val,0,target
08954.png,pantheon,val,0,target
08985_aug_0.png,hofburg_imperial_palace,train,1,target
05665.png,hofburg_imperial_palace,val,1,target
11116.png,pantheon,test,0,target
02905_aug_0.png,hofburg_imperial_palace,train,1,target
03285_aug_0.png,hofburg_imperial_palace,train,1,target
01014.png,pantheon,test,0,target
03735.png,hofburg_imperial_palace,val,1,target
05764.png,pantheon,val,0,target
02664.png,pantheon,val,0,target
09074_aug_0.png,pantheon,train,0,target
12480_aug_0.png,pantheon,train,0,target
12176.png,,challenge,,target
09384_aug_0.png,pantheon,train,0,target
10787.png,pantheon,val,0,target
03425_aug_0.png,hofburg_imperial_palace,train,1,target
10398.png,pantheon,test,0,target
01094.png,pantheon,test,0,target
12492.png,pantheon,val,0,target
11654.png,pantheon,test,0,target
03344.png,,challenge,,target
03024_aug_0.png,pantheon,train,0,target
00825_aug_0.png,hofburg_imperial_palace,train,1,target
09455.png,hofburg_imperial_palace,test,1,target
02545.png,hofburg_imperial_palace,val,1,target
11782_aug_0.png,pantheon,train,0,target
00314.png,pantheon,test,0,target
00725.png,hofburg_imperial_palace,val,1,target
10078.png,,challenge,,target
00335.png,,challenge,,target
09875.png,,challenge,,target
00625_aug_0.png,hofburg_imperial_palace,train,1,target
09415_aug_0.png,hofburg_imperial_palace,train,1,target
12137.png,pantheon,test,0,target
04555.png,,challenge,,target
03295_aug_0.png,hofburg_imperial_palace,train,1,target
10039.png,,challenge,,target
07264.png,,challenge,,target
10125.png,pantheon,test,0,target
09225.png,hofburg_imperial_palace,test,1,target
00894.png,,challenge,,target
10718.png,pantheon,test,0,target
09215_aug_0.png,hofburg_imperial_palace,train,1,target
02825.png,,challenge,,target
01885.png,,challenge,,target
06065.png,,challenge,,target
04224.png,pantheon,test,0,target
06155_aug_0.png,hofburg_imperial_palace,train,1,target
10729.png,pantheon,val,0,target
00865_aug_0.png,hofburg_imperial_palace,train,1,target
01865.png,,challenge,,target
07495.png,,challenge,,target
09235_aug_0.png,hofburg_imperial_palace,train,1,target
01725.png,,challenge,,target
02605_aug_0.png,hofburg_imperial_palace,train,1,target
10901.png,pantheon,val,0,target
00415.png,,challenge,,target
05225.png,hofburg_imperial_palace,val,1,target
07704.png,,challenge,,target
02424_aug_0.png,pantheon,train,0,target
02365_aug_0.png,hofburg_imperial_palace,train,1,target
12306_aug_0.png,pantheon,train,0,target
10230.png,pantheon,val,0,target
01485.png,,challenge,,target
12390_aug_0.png,pantheon,train,0,target
01435_aug_0.png,hofburg_imperial_palace,train,1,target
05804_aug_0.png,pantheon,train,0,target
03524.png,,challenge,,target
08065.png,hofburg_imperial_palace,val,1,target
03335.png,hofburg_imperial_palace,val,1,target
02005.png,,challenge,,target
07244_aug_0.png,pantheon,train,0,target
06165_aug_0.png,hofburg_imperial_palace,train,1,target
10879.png,,challenge,,target
03765_aug_0.png,hofburg_imperial_palace,train,1,target
11934_aug_0.png,pantheon,train,0,target
04445.png,hofburg_imperial_palace,val,1,target
10485.png,,challenge,,target
09644.png,pantheon,val,0,target
09725_aug_0.png,hofburg_imperial_palace,train,1,target
04554.png,,challenge,,target
01045_aug_0.png,hofburg_imperial_palace,train,1,target
02384_aug_0.png,pantheon,train,0,target
06085_aug_0.png,hofburg_imperial_palace,train,1,target
08705_aug_0.png,hofburg_imperial_palace,train,1,target
01015_aug_0.png,hofburg_imperial_palace,train,1,target
04255_aug_0.png,hofburg_imperial_palace,train,1,target
09105.png,,challenge,,target
01695.png,,challenge,,target
00345_aug_0.png,hofburg_imperial_palace,train,1,target
05905.png,,challenge,,target
10013_aug_0.png,pantheon,train,0,target
07844.png,pantheon,test,0,target
07135.png,,challenge,,target
09605.png,hofburg_imperial_palace,val,1,target
00564.png,,challenge,,target
11439.png,pantheon,val,0,target
01984.png,pantheon,test,0,target
01444.png,pantheon,test,0,target
10424_aug_0.png,pantheon,train,0,target
03225.png,hofburg_imperial_palace,test,1,target
05375.png,,challenge,,target
02155.png,,challenge,,target
09745_aug_0.png,hofburg_imperial_palace,train,1,target
03494_aug_0.png,pantheon,train,0,target
03685.png,hofburg_imperial_palace,val,1,target
06604.png,pantheon,test,0,target
07325_aug_0.png,hofburg_imperial_palace,train,1,target
10854.png,,challenge,,target
04635_aug_0.png,hofburg_imperial_palace,train,1,target
11262.png,pantheon,val,0,target
11029_aug_0.png,pantheon,train,0,target
08364_aug_0.png,pantheon,train,0,target
11203.png,,challenge,,target
08415_aug_0.png,hofburg_imperial_palace,train,1,target
01895.png,,challenge,,target
09884.png,,challenge,,target
06345_aug_0.png,hofburg_imperial_palace,train,1,target
09534_aug_0.png,pantheon,train,0,target
05925.png,,challenge,,target
04964_aug_0.png,pantheon,train,0,target
08114.png,,challenge,,target
04104_aug_0.png,pantheon,train,0,target
04474.png,pantheon,val,0,target
06014_aug_0.png,pantheon,train,0,target
03244_aug_0.png,pantheon,train,0,target
03025_aug_0.png,hofburg_imperial_palace,train,1,target
04375_aug_0.png,hofburg_imperial_palace,train,1,target
05165.png,,challenge,,target
06725_aug_0.png,hofburg_imperial_palace,train,1,target
11449_aug_0.png,pantheon,train,0,target
12013_aug_0.png,pantheon,train,0,target
09914_aug_0.png,pantheon,train,0,target
04774.png,pantheon,val,0,target
07044.png,pantheon,val,0,target
05655.png,,challenge,,target
03304.png,pantheon,val,0,target
05524_aug_0.png,pantheon,train,0,target
08235_aug_0.png,hofburg_imperial_palace,train,1,target
04495.png,,challenge,,target
01244_aug_0.png,pantheon,train,0,target
01735_aug_0.png,hofburg_imperial_palace,train,1,target
03935.png,hofburg_imperial_palace,val,1,target
04695.png,,challenge,,target
10349_aug_0.png,pantheon,train,0,target
11484.png,pantheon,val,0,target
08404_aug_0.png,pantheon,train,0,target
11299_aug_0.png,pantheon,train,0,target
03385_aug_0.png,hofburg_imperial_palace,train,1,target
10551.png,,challenge,,target
00205.png,hofburg_imperial_palace,val,1,target
04894.png,,challenge,,target
04945.png,hofburg_imperial_palace,test,1,target
09555.png,,challenge,,target
00375_aug_0.png,hofburg_imperial_palace,train,1,target
10020.png,pantheon,test,0,target
01385_aug_0.png,hofburg_imperial_palace,train,1,target
07884.png,pantheon,val,0,target
05575.png,hofburg_imperial_palace,val,1,target
09405.png,,challenge,,target
06874.png,,challenge,,target
10747.png,pantheon,val,0,target
06324.png,pantheon,test,0,target
07025_aug_0.png,hofburg_imperial_palace,train,1,target
10315.png,,challenge,,target
01515_aug_0.png,hofburg_imperial_palace,train,1,target
10403_aug_0.png,pantheon,train,0,target
00395.png,hofburg_imperial_palace,test,1,target
03454.png,pantheon,test,0,target
11760_aug_0.png,pantheon,train,0,target
03055.png,hofburg_imperial_palace,test,1,target
07705.png,hofburg_imperial_palace,val,1,target
08885.png,hofburg_imperial_palace,val,1,target
06705.png,,challenge,,target
10825_aug_0.png,pantheon,train,0,target
04125.png,,challenge,,target
11798.png,pantheon,val,0,target
01894_aug_0.png,pantheon,train,0,target
12029_aug_0.png,pantheon,train,0,target
00324.png,pantheon,val,0,target
05615_aug_0.png,hofburg_imperial_palace,train,1,target
02145.png,hofburg_imperial_palace,val,1,target
02465.png,hofburg_imperial_palace,test,1,target
01104.png,,challenge,,target
11259_aug_0.png,pantheon,train,0,target
01454.png,,challenge,,target
11223_aug_0.png,pantheon,train,0,target
09895_aug_0.png,hofburg_imperial_palace,train,1,target
01105.png,hofburg_imperial_palace,val,1,target
02785_aug_0.png,hofburg_imperial_palace,train,1,target
10482_aug_0.png,pantheon,train,0,target
06385_aug_0.png,hofburg_imperial_palace,train,1,target
01965.png,hofburg_imperial_palace,test,1,target
06164_aug_0.png,pantheon,train,0,target
01995.png,hofburg_imperial_palace,test,1,target
02594_aug_0.png,pantheon,train,0,target
05815.png,,challenge,,target
07675_aug_0.png,hofburg_imperial_palace,train,1,target
07594.png,,challenge,,target
02805.png,,challenge,,target
07285_aug_0.png,hofburg_imperial_palace,train,1,target
07734_aug_0.png,pantheon,train,0,target
03214.png,pantheon,val,0,target
05004.png,,challenge,,target
00355_aug_0.png,hofburg_imperial_palace,train,1,target
00065_aug_0.png,hofburg_imperial_palace,train,1,target
09504.png,pantheon,val,0,target
02744.png,pantheon,val,0,target
01715.png,hofburg_imperial_palace,val,1,target
07074.png,,challenge,,target
00145.png,hofburg_imperial_palace,val,1,target
03634.png,pantheon,val,0,target
06075_aug_0.png,hofburg_imperial_palace,train,1,target
11363.png,pantheon,test,0,target
10464_aug_0.png,pantheon,train,0,target
09285.png,hofburg_imperial_palace,test,1,target
02675.png,hofburg_imperial_palace,val,1,target
08554_aug_0.png,pantheon,train,0,target
01075.png,hofburg_imperial_palace,test,1,target
08195_aug_0.png,hofburg_imperial_palace,train,1,target
11327.png,pantheon,val,0,target
07014_aug_0.png,pantheon,train,0,target
08665_aug_0.png,hofburg_imperial_palace,train,1,target
11685.png,,challenge,,target
02715_aug_0.png,hofburg_imperial_palace,train,1,target
08795.png,hofburg_imperial_palace,val,1,target
05924.png,pantheon,test,0,target
00285_aug_0.png,hofburg_imperial_palace,train,1,target
10804_aug_0.png,pantheon,train,0,target
12344.png,pantheon,val,0,target
01375_aug_0.png,hofburg_imperial_palace,train,1,target
07095_aug_0.png,hofburg_imperial_palace,train,1,target
01844.png,,challenge,,target
08215.png,,challenge,,target
08454_aug_0.png,pantheon,train,0,target
12369.png,pantheon,val,0,target
08014.png,,challenge,,target
09941.png,petronas_towers,test,1,source
06881_aug_0.png,petronas_towers,train,1,source
07981.png,petronas_towers,val,1,source
09608.png,gaudi_casa_batllo_barcelona,test,7,source
03180_aug_0.png,colosseum,train,0,source
04447_aug_0.png,hagia_sophia,train,6,source
02493_aug_0.png,museu_nacional_dart_de_catalunya,train,3,source
05041_aug_0.png,petronas_towers,train,1,source
06049_aug_0.png,st_stephen_cathedral_vienna,train,4,source
09197.png,hagia_sophia,test,6,source
03671_aug_0.png,petronas_towers,train,1,source
00539_aug_0.png,st_stephen_cathedral_vienna,train,4,source
05479_aug_0.png,st_stephen_cathedral_vienna,train,4,source
08702.png,rialto_bridge,test,2,source
08009.png,st_stephen_cathedral_vienna,val,4,source
02360_aug_0.png,colosseum,train,0,source
06602_aug_0.png,rialto_bridge,train,2,source
09749.png,st_stephen_cathedral_vienna,test,4,source
07729.png,st_stephen_cathedral_vienna,val,4,source
01450_aug_0.png,colosseum,train,0,source
09703.png,museu_nacional_dart_de_catalunya,test,3,source
04393_aug_0.png,museu_nacional_dart_de_catalunya,train,3,source
07490.png,colosseum,val,0,source
01329_aug_0.png,st_stephen_cathedral_vienna,train,4,source
06728_aug_0.png,gaudi_casa_batllo_barcelona,train,7,source
03151_aug_0.png,petronas_towers,train,1,source
09983.png,museu_nacional_dart_de_catalunya,test,3,source
00893_aug_0.png,museu_nacional_dart_de_catalunya,train,3,source
03832_aug_0.png,rialto_bridge,train,2,source
00630_aug_0.png,colosseum,train,0,source
03780_aug_0.png,colosseum,train,0,source
09438.png,gaudi_casa_batllo_barcelona,test,7,source
00916_aug_0.png,berlin_cathedral,train,5,source
09762.png,rialto_bridge,test,2,source
04638_aug_0.png,gaudi_casa_batllo_barcelona,train,7,source
03410_aug_0.png,colosseum,train,0,source
06660_aug_0.png,colosseum,train,0,source
01276_aug_0.png,berlin_cathedral,train,5,source
03962_aug_0.png,rialto_bridge,train,2,source
02287_aug_0.png,hagia_sophia,train,6,source
03802_aug_0.png,rialto_bridge,train,2,source
05469_aug_0.png,st_stephen_cathedral_vienna,train,4,source
06829_aug_0.png,st_stephen_cathedral_vienna,train,4,source
09536.png,berlin_cathedral,test,5,source
06909_aug_0.png,st_stephen_cathedral_vienna,train,4,source
07617.png,hagia_sophia,val,6,source
05962_aug_0.png,rialto_bridge,train,2,source
06112_aug_0.png,rialto_bridge,train,2,source
02937_aug_0.png,hagia_sophia,train,6,source
03931_aug_0.png,petronas_towers,train,1,source
05791_aug_0.png,petronas_towers,train,1,source
09493.png,museu_nacional_dart_de_catalunya,test,3,source
09249.png,st_stephen_cathedral_vienna,test,4,source
07412.png,rialto_bridge,val,2,source
02547_aug_0.png,hagia_sophia,train,6,source
08622.png,rialto_bridge,test,2,source
09582.png,rialto_bridge,test,2,source
02160_aug_0.png,colosseum,train,0,source
07950.png,colosseum,val,0,source
05230_aug_0.png,colosseum,train,0,source
06299_aug_0.png,st_stephen_cathedral_vienna,train,4,source
09239.png,st_stephen_cathedral_vienna,test,4,source
07332.png,rialto_bridge,val,2,source
03566_aug_0.png,berlin_cathedral,train,5,source
08118.png,gaudi_casa_batllo_barcelona,val,7,source
08502.png,rialto_bridge,test,2,source
08996.png,berlin_cathedral,test,5,source
05187_aug_0.png,hagia_sophia,train,6,source
07901.png,petronas_towers,val,1,source
04716_aug_0.png,berlin_cathedral,train,5,source
01219_aug_0.png,st_stephen_cathedral_vienna,train,4,source
06871_aug_0.png,petronas_towers,train,1,source
04381_aug_0.png,petronas_towers,train,1,source
08107.png,hagia_sophia,val,6,source
00086_aug_0.png,berlin_cathedral,train,5,source
06317_aug_0.png,hagia_sophia,train,6,source
06046_aug_0.png,berlin_cathedral,train,5,source
01847_aug_0.png,hagia_sophia,train,6,source
04708_aug_0.png,gaudi_casa_batllo_barcelona,train,7,source
06788_aug_0.png,gaudi_casa_batllo_barcelona,train,7,source
01617_aug_0.png,hagia_sophia,train,6,source
05478_aug_0.png,gaudi_casa_batllo_barcelona,train,7,source
04862_aug_0.png,rialto_bridge,train,2,source
02157_aug_0.png,hagia_sophia,train,6,source
04223_aug_0.png,museu_nacional_dart_de_catalunya,train,3,source
00978_aug_0.png,gaudi_casa_batllo_barcelona,train,7,source
01980_aug_0.png,colosseum,train,0,source
05713_aug_0.png,museu_nacional_dart_de_catalunya,train,3,source
07902.png,rialto_bridge,val,2,source
08279.png,st_stephen_cathedral_vienna,val,4,source
00540_aug_0.png,colosseum,train,0,source
06648_aug_0.png,gaudi_casa_batllo_barcelona,train,7,source
04999_aug_0.png,st_stephen_cathedral_vienna,train,4,source
06802_aug_0.png,rialto_bridge,train,2,source
04741_aug_0.png,petronas_towers,train,1,source
00492_aug_0.png,rialto_bridge,train,2,source
05802_aug_0.png,rialto_bridge,train,2,source
07930.png,colosseum,val,0,source
00683_aug_0.png,museu_nacional_dart_de_catalunya,train,3,source
09680.png,colosseum,test,0,source
07323.png,museu_nacional_dart_de_catalunya,val,3,source
00877_aug_0.png,hagia_sophia,train,6,source
05341_aug_0.png,petronas_towers,train,1,source
09108.png,gaudi_casa_batllo_barcelona,test,7,source
06411_aug_0.png,petronas_towers,train,1,source
07432.png,rialto_bridge,val,2,source
02828_aug_0.png,gaudi_casa_batllo_barcelona,train,7,source
01837_aug_0.png,hagia_sophia,train,6,source
07131.png,petronas_towers,val,1,source
08273.png,museu_nacional_dart_de_catalunya,val,3,source
02792_aug_0.png,rialto_bridge,train,2,source
06038_aug_0.png,gaudi_casa_batllo_barcelona,train,7,source
04269_aug_0.png,st_stephen_cathedral_vienna,train,4,source
02619_aug_0.png,st_stephen_cathedral_vienna,train,4,source
07847.png,hagia_sophia,val,6,source
07523.png,museu_nacional_dart_de_catalunya,val,3,source
01679_aug_0.png,st_stephen_cathedral_vienna,train,4,source
00761_aug_0.png,petronas_towers,train,1,source
08999.png,st_stephen_cathedral_vienna,test,4,source
07923.png,museu_nacional_dart_de_catalunya,val,3,source
04221_aug_0.png,petronas_towers,train,1,source
07202.png,rialto_bridge,val,2,source
02147_aug_0.png,hagia_sophia,train,6,source
05430_aug_0.png,colosseum,train,0,source
02166_aug_0.png,berlin_cathedral,train,5,source
00800_aug_0.png,colosseum,train,0,source
09646.png,berlin_cathedral,test,5,source
01322_aug_0.png,rialto_bridge,train,2,source
09208.png,gaudi_casa_batllo_barcelona,test,7,source
07213.png,museu_nacional_dart_de_catalunya,val,3,source
00573_aug_0.png,museu_nacional_dart_de_catalunya,train,3,source
07130.png,colosseum,val,0,source
00801_aug_0.png,petronas_towers,train,1,source
06598_aug_0.png,gaudi_casa_batllo_barcelona,train,7,source
08616.png,berlin_cathedral,test,5,source
08836.png,berlin_cathedral,test,5,source
04773_aug_0.png,museu_nacional_dart_de_catalunya,train,3,source
09902.png,rialto_bridge,test,2,source
08623.png,museu_nacional_dart_de_catalunya,test,3,source
08493.png,museu_nacional_dart_de_catalunya,val,3,source
08207.png,hagia_sophia,val,6,source
09576.png,berlin_cathedral,test,5,source
07161.png,petronas_towers,val,1,source
03343_aug_0.png,museu_nacional_dart_de_catalunya,train,3,source
03323_aug_0.png,museu_nacional_dart_de_catalunya,train,3,source
03443_aug_0.png,museu_nacional_dart_de_catalunya,train,3,source
02883_aug_0.png,museu_nacional_dart_de_catalunya,train,3,source
06972_aug_0.png,rialto_bridge,train,2,source
09610.png,colosseum,test,0,source
03889_aug_0.png,st_stephen_cathedral_vienna,train,4,source
05130_aug_0.png,colosseum,train,0,source
07730.png,colosseum,val,0,source
09036.png,berlin_cathedral,test,5,source
07256.png,berlin_cathedral,val,5,source
07128.png,gaudi_casa_batllo_barcelona,val,7,source
07639.png,st_stephen_cathedral_vienna,val,4,source
07566.png,berlin_cathedral,val,5,source
07538.png,gaudi_casa_batllo_barcelona,val,7,source
07660.png,colosseum,val,0,source
04787_aug_0.png,hagia_sophia,train,6,source
03221_aug_0.png,petronas_towers,train,1,source
03609_aug_0.png,st_stephen_cathedral_vienna,train,4,source
00131_aug_0.png,petronas_towers,train,1,source
09407.png,hagia_sophia,test,6,source
09492.png,rialto_bridge,test,2,source
00487_aug_0.png,hagia_sophia,train,6,source
09579.png,st_stephen_cathedral_vienna,test,4,source
08593.png,museu_nacional_dart_de_catalunya,test,3,source
02260_aug_0.png,colosseum,train,0,source
03649_aug_0.png,st_stephen_cathedral_vienna,train,4,source
02052_aug_0.png,rialto_bridge,train,2,source
06147_aug_0.png,hagia_sophia,train,6,source
08366.png,berlin_cathedral,val,5,source
05287_aug_0.png,hagia_sophia,train,6,source
09161.png,petronas_towers,test,1,source
00117_aug_0.png,hagia_sophia,train,6,source
04547_aug_0.png,hagia_sophia,train,6,source
08787.png,hagia_sophia,test,6,source
05538_aug_0.png,gaudi_casa_batllo_barcelona,train,7,source
04096_aug_0.png,berlin_cathedral,train,5,source
06821_aug_0.png,petronas_towers,train,1,source
03652_aug_0.png,rialto_bridge,train,2,source
06060_aug_0.png,colosseum,train,0,source
06272_aug_0.png,rialto_bridge,train,2,source
01537_aug_0.png,hagia_sophia,train,6,source
01346_aug_0.png,berlin_cathedral,train,5,source
04379_aug_0.png,st_stephen_cathedral_vienna,train,4,source
01293_aug_0.png,museu_nacional_dart_de_catalunya,train,3,source
09623.png,museu_nacional_dart_de_catalunya,test,3,source
08669.png,st_stephen_cathedral_vienna,test,4,source
07153.png,museu_nacional_dart_de_catalunya,val,3,source
03376_aug_0.png,berlin_cathedral,train,5,source
03476_aug_0.png,berlin_cathedral,train,5,source
05523_aug_0.png,museu_nacional_dart_de_catalunya,train,3,source
00720_aug_0.png,colosseum,train,0,source
07752.png,rialto_bridge,val,2,source
08597.png,hagia_sophia,test,6,source
06527_aug_0.png,hagia_sophia,train,6,source
02462_aug_0.png,rialto_bridge,train,2,source
04518_aug_0.png,gaudi_casa_batllo_barcelona,train,7,source
07500.png,colosseum,val,0,source
08442.png,rialto_bridge,val,2,source
08047.png,hagia_sophia,val,6,source
05146_aug_0.png,berlin_cathedral,train,5,source
00027_aug_0.png,hagia_sophia,train,6,source
01156_aug_0.png,berlin_cathedral,train,5,source
07781.png,petronas_towers,val,1,source
09927.png,hagia_sophia,test,6,source
03012_aug_0.png,rialto_bridge,train,2,source
00418_aug_0.png,gaudi_casa_batllo_barcelona,train,7,source
07182.png,rialto_bridge,val,2,source
05182_aug_0.png,rialto_bridge,train,2,source
07146.png,berlin_cathedral,val,5,source
01452_aug_0.png,rialto_bridge,train,2,source
05667_aug_0.png,hagia_sophia,train,6,source
07559.png,st_stephen_cathedral_vienna,val,4,source
04199_aug_0.png,st_stephen_cathedral_vienna,train,4,source
07561.png,petronas_towers,val,1,source
00649_aug_0.png,st_stephen_cathedral_vienna,train,4,source
09437.png,hagia_sophia,test,6,source
08037.png,hagia_sophia,val,6,source
01249_aug_0.png,st_stephen_cathedral_vienna,train,4,source
07481.png,petronas_towers,val,1,source
06747_aug_0.png,hagia_sophia,train,6,source
01171_aug_0.png,petronas_towers,train,1,source
02823_aug_0.png,museu_nacional_dart_de_catalunya,train,3,source
06988_aug_0.png,gaudi_casa_batllo_barcelona,train,7,source
04133_aug_0.png,museu_nacional_dart_de_catalunya,train,3,source
05338_aug_0.png,gaudi_casa_batllo_barcelona,train,7,source
02580_aug_0.png,colosseum,train,0,source
08636.png,berlin_cathedral,test,5,source
09083.png,museu_nacional_dart_de_catalunya,test,3,source
07879.png,st_stephen_cathedral_vienna,val,4,source
04286_aug_0.png,berlin_cathedral,train,5,source
07751.png,petronas_towers,val,1,source
09396.png,berlin_cathedral,test,5,source
06919_aug_0.png,st_stephen_cathedral_vienna,train,4,source
03022_aug_0.png,rialto_bridge,train,2,source
08362.png,rialto_bridge,val,2,source
06757_aug_0.png,hagia_sophia,train,6,source
01042_aug_0.png,rialto_bridge,train,2,source
06201_aug_0.png,petronas_towers,train,1,source
05991_aug_0.png,petronas_towers,train,1,source
05697_aug_0.png,hagia_sophia,train,6,source
07473.png,museu_nacional_dart_de_catalunya,val,3,source
03240_aug_0.png,colosseum,train,0,source
09918.png,gaudi_casa_batllo_barcelona,test,7,source
07678.png,gaudi_casa_batllo_barcelona,val,7,source
02041_aug_0.png,petronas_towers,train,1,source
07663.png,museu_nacional_dart_de_catalunya,val,3,source
08161.png,petronas_towers,val,1,source
09222.png,rialto_bridge,test,2,source
06628_aug_0.png,gaudi_casa_batllo_barcelona,train,7,source
04967_aug_0.png,hagia_sophia,train,6,source
00862_aug_0.png,rialto_bridge,train,2,source
09302.png,rialto_bridge,test,2,source
03136_aug_0.png,berlin_cathedral,train,5,source
09286.png,berlin_cathedral,test,5,source
07282.png,rialto_bridge,val,2,source
00281_aug_0.png,petronas_towers,train,1,source
07790.png,colosseum,val,0,source
07702.png,rialto_bridge,val,2,source
08309.png,st_stephen_cathedral_vienna,val,4,source
04668_aug_0.png,gaudi_casa_batllo_barcelona,train,7,source
09537.png,hagia_sophia,test,6,source
07953.png,museu_nacional_dart_de_catalunya,val,3,source
00781_aug_0.png,petronas_towers,train,1,source
05011_aug_0.png,petronas_towers,train,1,source
01146_aug_0.png,berlin_cathedral,train,5,source
08116.png,berlin_cathedral,val,5,source
03899_aug_0.png,st_stephen_cathedral_vienna,train,4,source
01612_aug_0.png,rialto_bridge,train,2,source
04346_aug_0.png,berlin_cathedral,train,5,source
06762_aug_0.png,rialto_bridge,train,2,source
08968.png,gaudi_casa_batllo_barcelona,test,7,source
09049.png,st_stephen_cathedral_vienna,test,4,source
09121.png,petronas_towers,test,1,source
03947_aug_0.png,hagia_sophia,train,6,source
06701_aug_0.png,petronas_towers,train,1,source
08921.png,petronas_towers,test,1,source
01790_aug_0.png,colosseum,train,0,source
05536_aug_0.png,berlin_cathedral,train,5,source
05569_aug_0.png,st_stephen_cathedral_vienna,train,4,source
09252.png,rialto_bridge,test,2,source
04128_aug_0.png,gaudi_casa_batllo_barcelona,train,7,source
05160_aug_0.png,colosseum,train,0,source
08650.png,colosseum,test,0,source
08247.png,hagia_sophia,val,6,source
07030.png,colosseum,val,0,source
08607.png,hagia_sophia,test,6,source
05610_aug_0.png,colosseum,train,0,source
09958.png,gaudi_casa_batllo_barcelona,test,7,source
07723.png,museu_nacional_dart_de_catalunya,val,3,source
09846.png,berlin_cathedral,test,5,source
02227_aug_0.png,hagia_sophia,train,6,source
00739_aug_0.png,st_stephen_cathedral_vienna,train,4,source
03210_aug_0.png,colosseum,train,0,source
01101_aug_0.png,petronas_towers,train,1,source
07876.png,berlin_cathedral,val,5,source
08548.png,gaudi_casa_batllo_barcelona,test,7,source
08942.png,rialto_bridge,test,2,source
08353.png,museu_nacional_dart_de_catalunya,val,3,source
09757.png,hagia_sophia,test,6,source
02349_aug_0.png,st_stephen_cathedral_vienna,train,4,source
09611.png,petronas_towers,test,1,source
09351.png,petronas_towers,test,1,source
06842_aug_0.png,rialto_bridge,train,2,source
03401_aug_0.png,petronas_towers,train,1,source
09482.png,rialto_bridge,test,2,source
02617_aug_0.png,hagia_sophia,train,6,source
02371_aug_0.png,petronas_towers,train,1,source
08112.png,rialto_bridge,val,2,source
02103_aug_0.png,museu_nacional_dart_de_catalunya,train,3,source
07842.png,rialto_bridge,val,2,source
08193.png,museu_nacional_dart_de_catalunya,val,3,source
09031.png,petronas_towers,test,1,source
06297_aug_0.png,hagia_sophia,train,6,source
02046_aug_0.png,berlin_cathedral,train,5,source
01629_aug_0.png,st_stephen_cathedral_vienna,train,4,source
07442.png,rialto_bridge,val,2,source
08699.png,st_stephen_cathedral_vienna,test,4,source
08102.png,rialto_bridge,val,2,source
01832_aug_0.png,rialto_bridge,train,2,source
04973_aug_0.png,museu_nacional_dart_de_catalunya,train,3,source
00819_aug_0.png,st_stephen_cathedral_vienna,train,4,source
02218_aug_0.png,gaudi_casa_batllo_barcelona,train,7,source
03643_aug_0.png,museu_nacional_dart_de_catalunya,train,3,source
08768.png,gaudi_casa_batllo_barcelona,test,7,source
00430_aug_0.png,colosseum,train,0,source
01326_aug_0.png,berlin_cathedral,train,5,source
00616_aug_0.png,berlin_cathedral,train,5,source
00859_aug_0.png,st_stephen_cathedral_vienna,train,4,source
07742.png,rialto_bridge,val,2,source
03126_aug_0.png,berlin_cathedral,train,5,source
06741_aug_0.png,petronas_towers,train,1,source
00186_aug_0.png,berlin_cathedral,train,5,source
01096_aug_0.png,berlin_cathedral,train,5,source
06197_aug_0.png,hagia_sophia,train,6,source
05609_aug_0.png,st_stephen_cathedral_vienna,train,4,source
03849_aug_0.png,st_stephen_cathedral_vienna,train,4,source
02671_aug_0.png,petronas_towers,train,1,source
07616.png,berlin_cathedral,val,5,source
04890_aug_0.png,colosseum,train,0,source
08826.png,berlin_cathedral,test,5,source
09707.png,hagia_sophia,test,6,source
02776_aug_0.png,berlin_cathedral,train,5,source
07026.png,berlin_cathedral,val,5,source
02532_aug_0.png,rialto_bridge,train,2,source
03677_aug_0.png,hagia_sophia,train,6,source
09887.png,hagia_sophia,test,6,source
08723.png,museu_nacional_dart_de_catalunya,test,3,source
07662.png,rialto_bridge,val,2,source
00906_aug_0.png,berlin_cathedral,train,5,source
07178.png,gaudi_casa_batllo_barcelona,val,7,source
04533_aug_0.png,museu_nacional_dart_de_catalunya,train,3,source
03493_aug_0.png,museu_nacional_dart_de_catalunya,train,3,source
08891.png,petronas_towers,test,1,source
02190_aug_0.png,colosseum,train,0,source
06467_aug_0.png,hagia_sophia,train,6,source
05973_aug_0.png,museu_nacional_dart_de_catalunya,train,3,source
06633_aug_0.png,museu_nacional_dart_de_catalunya,train,3,source
04990_aug_0.png,colosseum,train,0,source
06911_aug_0.png,petronas_towers,train,1,source
09097.png,hagia_sophia,test,6,source
09230.png,colosseum,test,0,source
04606_aug_0.png,berlin_cathedral,train,5,source
02237_aug_0.png,hagia_sophia,train,6,source
04069_aug_0.png,st_stephen_cathedral_vienna,train,4,source
08608.png,gaudi_casa_batllo_barcelona,test,7,source
09508.png,gaudi_casa_batllo_barcelona,test,7,source
04717_aug_0.png,hagia_sophia,train,6,source
03372_aug_0.png,rialto_bridge,train,2,source
07909.png,st_stephen_cathedral_vienna,val,4,source
00879_aug_0.png,st_stephen_cathedral_vienna,train,4,source
00129_aug_0.png,st_stephen_cathedral_vienna,train,4,source
05181_aug_0.png,petronas_towers,train,1,source
07591.png,petronas_towers,val,1,source
07941.png,petronas_towers,val,1,source
07643.png,museu_nacional_dart_de_catalunya,val,3,source
00000_aug_0.png,colosseum,train,0,source
02021_aug_0.png,petronas_towers,train,1,source
08540.png,colosseum,test,0,source
06666_aug_0.png,berlin_cathedral,train,5,source
07830.png,colosseum,val,0,source
09123.png,museu_nacional_dart_de_catalunya,test,3,source
01711_aug_0.png,petronas_towers,train,1,source
06558_aug_0.png,gaudi_casa_batllo_barcelona,train,7,source
09891.png,petronas_towers,test,1,source
04129_aug_0.png,st_stephen_cathedral_vienna,train,4,source
03407_aug_0.png,hagia_sophia,train,6,source
03356_aug_0.png,berlin_cathedral,train,5,source
09519.png,st_stephen_cathedral_vienna,test,4,source
02331_aug_0.png,petronas_towers,train,1,source
07670.png,colosseum,val,0,source
03612_aug_0.png,rialto_bridge,train,2,source
00581_aug_0.png,petronas_towers,train,1,source
08417.png,hagia_sophia,val,6,source
09763.png,museu_nacional_dart_de_catalunya,test,3,source
05546_aug_0.png,berlin_cathedral,train,5,source
02578_aug_0.png,gaudi_casa_batllo_barcelona,train,7,source
07370.png,colosseum,val,0,source
07699.png,st_stephen_cathedral_vienna,val,4,source
02971_aug_0.png,petronas_towers,train,1,source
09140.png,colosseum,test,0,source
05450_aug_0.png,colosseum,train,0,source
08381.png,petronas_towers,val,1,source
01862_aug_0.png,rialto_bridge,train,2,source
08246.png,berlin_cathedral,val,5,source
09146.png,berlin_cathedral,test,5,source
09078.png,gaudi_casa_batllo_barcelona,test,7,source
05931_aug_0.png,petronas_towers,train,1,source
09640.png,colosseum,test,0,source
06570_aug_0.png,colosseum,train,0,source
01206_aug_0.png,berlin_cathedral,train,5,source
08612.png,rialto_bridge,test,2,source
09101.png,petronas_towers,test,1,source
02722_aug_0.png,rialto_bridge,train,2,source
08563.png,museu_nacional_dart_de_catalunya,test,3,source
02926_aug_0.png,berlin_cathedral,train,5,source
02606_aug_0.png,berlin_cathedral,train,5,source
04869_aug_0.png,st_stephen_cathedral_vienna,train,4,source
00639_aug_0.png,st_stephen_cathedral_vienna,train,4,source
07353.png,museu_nacional_dart_de_catalunya,val,3,source
09900.png,colosseum,test,0,source
04352_aug_0.png,rialto_bridge,train,2,source
01479_aug_0.png,st_stephen_cathedral_vienna,train,4,source
01613_aug_0.png,museu_nacional_dart_de_catalunya,train,3,source
05560_aug_0.png,colosseum,train,0,source
04117_aug_0.png,hagia_sophia,train,6,source
08341.png,petronas_towers,val,1,source
08589.png,st_stephen_cathedral_vienna,test,4,source
08906.png,berlin_cathedral,test,5,source
00672_aug_0.png,rialto_bridge,train,2,source
05133_aug_0.png,museu_nacional_dart_de_catalunya,train,3,source
04523_aug_0.png,museu_nacional_dart_de_catalunya,train,3,source
09548.png,gaudi_casa_batllo_barcelona,test,7,source
08732.png,rialto_bridge,test,2,source
02573_aug_0.png,museu_nacional_dart_de_catalunya,train,3,source
02152_aug_0.png,rialto_bridge,train,2,source
09853.png,museu_nacional_dart_de_catalunya,test,3,source
06811_aug_0.png,petronas_towers,train,1,source
00018_aug_0.png,gaudi_casa_batllo_barcelona,train,7,source
09613.png,museu_nacional_dart_de_catalunya,test,3,source
02303_aug_0.png,museu_nacional_dart_de_catalunya,train,3,source
07673.png,museu_nacional_dart_de_catalunya,val,3,source
00690_aug_0.png,colosseum,train,0,source
01620_aug_0.png,colosseum,train,0,source
01696_aug_0.png,berlin_cathedral,train,5,source
00303_aug_0.png,museu_nacional_dart_de_catalunya,train,3,source
02063_aug_0.png,museu_nacional_dart_de_catalunya,train,3,source
01103_aug_0.png,museu_nacional_dart_de_catalunya,train,3,source
08643.png,museu_nacional_dart_de_catalunya,test,3,source
08689.png,st_stephen_cathedral_vienna,test,4,source
02551_aug_0.png,petronas_towers,train,1,source
08159.png,st_stephen_cathedral_vienna,val,4,source
01048_aug_0.png,gaudi_casa_batllo_barcelona,train,7,source
05231_aug_0.png,petronas_towers,train,1,source
02520_aug_0.png,colosseum,train,0,source
06090_aug_0.png,colosseum,train,0,source
09269.png,st_stephen_cathedral_vienna,test,4,source
05556_aug_0.png,berlin_cathedral,train,5,source
00287_aug_0.png,hagia_sophia,train,6,source
09939.png,st_stephen_cathedral_vienna,test,4,source
01169_aug_0.png,st_stephen_cathedral_vienna,train,4,source
07928.png,gaudi_casa_batllo_barcelona,val,7,source
06726_aug_0.png,berlin_cathedral,train,5,source
03863_aug_0.png,museu_nacional_dart_de_catalunya,train,3,source
04541_aug_0.png,petronas_towers,train,1,source
04477_aug_0.png,hagia_sophia,train,6,source
04866_aug_0.png,berlin_cathedral,train,5,source
02923_aug_0.png,museu_nacional_dart_de_catalunya,train,3,source
05349_aug_0.png,st_stephen_cathedral_vienna,train,4,source
05142_aug_0.png,rialto_bridge,train,2,source
00669_aug_0.png,st_stephen_cathedral_vienna,train,4,source
03259_aug_0.png,st_stephen_cathedral_vienna,train,4,source
04629_aug_0.png,st_stephen_cathedral_vienna,train,4,source
00939_aug_0.png,st_stephen_cathedral_vienna,train,4,source
03600_aug_0.png,colosseum,train,0,source
03960_aug_0.png,colosseum,train,0,source
07097.png,hagia_sophia,val,6,source
07952.png,rialto_bridge,val,2,source
07693.png,museu_nacional_dart_de_catalunya,val,3,source
09439.png,st_stephen_cathedral_vienna,test,4,source
01078_aug_0.png,gaudi_casa_batllo_barcelona,train,7,source
05033_aug_0.png,museu_nacional_dart_de_catalunya,train,3,source
07060.png,colosseum,val,0,source
04349_aug_0.png,st_stephen_cathedral_vienna,train,4,source
00231_aug_0.png,petronas_towers,train,1,source
08580.png,colosseum,test,0,source
07408.png,gaudi_casa_batllo_barcelona,val,7,source
08282.png,rialto_bridge,val,2,source
03813_aug_0.png,museu_nacional_dart_de_catalunya,train,3,source
08343.png,museu_nacional_dart_de_catalunya,val,3,source
05309_aug_0.png,st_stephen_cathedral_vienna,train,4,source
04068_aug_0.png,gaudi_casa_batllo_barcelona,train,7,source
05501_aug_0.png,petronas_towers,train,1,source
08438.png,gaudi_casa_batllo_barcelona,val,7,source
02010_aug_0.png,colosseum,train,0,source
00502_aug_0.png,rialto_bridge,train,2,source
04769_aug_0.png,st_stephen_cathedral_vienna,train,4,source
06797_aug_0.png,hagia_sophia,train,6,source
09730.png,colosseum,test,0,source
02417_aug_0.png,hagia_sophia,train,6,source
05638_aug_0.png,gaudi_casa_batllo_barcelona,train,7,source
01373_aug_0.png,museu_nacional_dart_de_catalunya,train,3,source
06933_aug_0.png,museu_nacional_dart_de_catalunya,train,3,source
03838_aug_0.png,gaudi_casa_batllo_barcelona,train,7,source
04649_aug_0.png,st_stephen_cathedral_vienna,train,4,source
01982_aug_0.png,rialto_bridge,train,2,source
00682_aug_0.png,rialto_bridge,train,2,source
08441.png,petronas_towers,val,1,source
03113_aug_0.png,museu_nacional_dart_de_catalunya,train,3,source
04277_aug_0.png,hagia_sophia,train,6,source
05278_aug_0.png,gaudi_casa_batllo_barcelona,train,7,source
00970_aug_0.png,colosseum,train,0,source
09356.png,berlin_cathedral,test,5,source
07553.png,museu_nacional_dart_de_catalunya,val,3,source
06011_aug_0.png,petronas_towers,train,1,source
08750.png,colosseum,test,0,source
08879.png,st_stephen_cathedral_vienna,test,4,source
03316_aug_0.png,berlin_cathedral,train,5,source
08257.png,hagia_sophia,val,6,source
03693_aug_0.png,museu_nacional_dart_de_catalunya,train,3,source
09720.png,colosseum,test,0,source
04190_aug_0.png,colosseum,train,0,source
01460_aug_0.png,colosseum,train,0,source
08218.png,gaudi_casa_batllo_barcelona,val,7,source
09242.png,rialto_bridge,test,2,source
02560_aug_0.png,colosseum,train,0,source
08527.png,hagia_sophia,test,6,source
01920_aug_0.png,colosseum,train,0,source
05078_aug_0.png,gaudi_casa_batllo_barcelona,train,7,source
00599_aug_0.png,st_stephen_cathedral_vienna,train,4,source
06967_aug_0.png,hagia_sophia,train,6,source
07560.png,colosseum,val,0,source
08449.png,st_stephen_cathedral_vienna,val,4,source
04356_aug_0.png,berlin_cathedral,train,5,source
01562_aug_0.png,rialto_bridge,train,2,source
01972_aug_0.png,rialto_bridge,train,2,source
09188.png,gaudi_casa_batllo_barcelona,test,7,source
06458_aug_0.png,gaudi_casa_batllo_barcelona,train,7,source
01162_aug_0.png,rialto_bridge,train,2,source
08163.png,museu_nacional_dart_de_catalunya,val,3,source
06208_aug_0.png,gaudi_casa_batllo_barcelona,train,7,source
06188_aug_0.png,gaudi_casa_batllo_barcelona,train,7,source
07396.png,berlin_cathedral,val,5,source
06511_aug_0.png,petronas_towers,train,1,source
01509_aug_0.png,st_stephen_cathedral_vienna,train,4,source
04548_aug_0.png,gaudi_casa_batllo_barcelona,train,7,source
07389.png,st_stephen_cathedral_vienna,val,4,source
02427_aug_0.png,hagia_sophia,train,6,source
07541.png,petronas_towers,val,1,source
04813_aug_0.png,museu_nacional_dart_de_catalunya,train,3,source
00830_aug_0.png,colosseum,train,0,source
05836_aug_0.png,berlin_cathedral,train,5,source
08301.png,petronas_towers,val,1,source
02598_aug_0.png,gaudi_casa_batllo_barcelona,train,7,source
06810_aug_0.png,colosseum,train,0,source
07450.png,colosseum,val,0,source
09867.png,hagia_sophia,test,6,source
05138_aug_0.png,gaudi_casa_batllo_barcelona,train,7,source
09638.png,gaudi_casa_batllo_barcelona,test,7,source
07113.png,museu_nacional_dart_de_catalunya,val,3,source
07020.png,colosseum,val,0,source
07867.png,hagia_sophia,val,6,source
06069_aug_0.png,st_stephen_cathedral_vienna,train,4,source
06638_aug_0.png,gaudi_casa_batllo_barcelona,train,7,source
08926.png,berlin_cathedral,test,5,source
08021.png,petronas_towers,val,1,source
03760_aug_0.png,colosseum,train,0,source
07451.png,petronas_towers,val,1,source
01371_aug_0.png,petronas_towers,train,1,source
04361_aug_0.png,petronas_towers,train,1,source
08242.png,rialto_bridge,val,2,source
07528.png,gaudi_casa_batllo_barcelona,val,7,source
01623_aug_0.png,museu_nacional_dart_de_catalunya,train,3,source
03747_aug_0.png,hagia_sophia,train,6,source
05019_aug_0.png,st_stephen_cathedral_vienna,train,4,source
03399_aug_0.png,st_stephen_cathedral_vienna,train,4,source
00840_aug_0.png,colosseum,train,0,source
08911.png,petronas_towers,test,1,source
02802_aug_0.png,rialto_bridge,train,2,source
05408_aug_0.png,gaudi_casa_batllo_barcelona,train,7,source
02346_aug_0.png,berlin_cathedral,train,5,source
02098_aug_0.png,gaudi_casa_batllo_barcelona,train,7,source
03736_aug_0.png,berlin_cathedral,train,5,source
04300_aug_0.png,colosseum,train,0,source
08297.png,hagia_sophia,val,6,source
07672.png,rialto_bridge,val,2,source
03737_aug_0.png,hagia_sophia,train,6,source
05579_aug_0.png,st_stephen_cathedral_vienna,train,4,source
00900_aug_0.png,colosseum,train,0,source
00963_aug_0.png,museu_nacional_dart_de_catalunya,train,3,source
09618.png,gaudi_casa_batllo_barcelona,test,7,source
06822_aug_0.png,rialto_bridge,train,2,source
01086_aug_0.png,berlin_cathedral,train,5,source
05311_aug_0.png,petronas_towers,train,1,source
03777_aug_0.png,hagia_sophia,train,6,source
04343_aug_0.png,museu_nacional_dart_de_catalunya,train,3,source
04171_aug_0.png,petronas_towers,train,1,source
04653_aug_0.png,museu_nacional_dart_de_catalunya,train,3,source
05927_aug_0.png,hagia_sophia,train,6,source
08056.png,berlin_cathedral,val,5,source
08603.png,museu_nacional_dart_de_catalunya,test,3,source
09241.png,petronas_towers,test,1,source
01783_aug_0.png,museu_nacional_dart_de_catalunya,train,3,source
09591.png,petronas_towers,test,1,source
07669.png,st_stephen_cathedral_vienna,val,4,source
04250_aug_0.png,colosseum,train,0,source
07871.png,petronas_towers,val,1,source
08541.png,petronas_towers,test,1,source
04439_aug_0.png,st_stephen_cathedral_vienna,train,4,source
00013_aug_0.png,museu_nacional_dart_de_catalunya,train,3,source
02982_aug_0.png,rialto_bridge,train,2,source
02622_aug_0.png,rialto_bridge,train,2,source
01359_aug_0.png,st_stephen_cathedral_vienna,train,4,source
07029.png,st_stephen_cathedral_vienna,val,4,source
09542.png,rialto_bridge,test,2,source
04218_aug_0.png,gaudi_casa_batllo_barcelona,train,7,source
02189_aug_0.png,st_stephen_cathedral_vienna,train,4,source
05063_aug_0.png,museu_nacional_dart_de_catalunya,train,3,source
09960.png,colosseum,test,0,source
08687.png,hagia_sophia,test,6,source
07406.png,berlin_cathedral,val,5,source
02746_aug_0.png,berlin_cathedral,train,5,source
09770.png,colosseum,test,0,source
07531.png,petronas_towers,val,1,source
09752.png,rialto_bridge,test,2,source
09786.png,berlin_cathedral,test,5,source
05940_aug_0.png,colosseum,train,0,source
09557.png,hagia_sophia,test,6,source
01336_aug_0.png,berlin_cathedral,train,5,source
01083_aug_0.png,museu_nacional_dart_de_catalunya,train,3,source
07058.png,gaudi_casa_batllo_barcelona,val,7,source
03150_aug_0.png,colosseum,train,0,source
00446_aug_0.png,berlin_cathedral,train,5,source
00486_aug_0.png,berlin_cathedral,train,5,source
04986_aug_0.png,berlin_cathedral,train,5,source
08413.png,museu_nacional_dart_de_catalunya,val,3,source
05986_aug_0.png,berlin_cathedral,train,5,source
04988_aug_0.png,gaudi_casa_batllo_barcelona,train,7,source
03263_aug_0.png,museu_nacional_dart_de_catalunya,train,3,source
08620.png,colosseum,test,0,source
04689_aug_0.png,st_stephen_cathedral_vienna,train,4,source
06867_aug_0.png,hagia_sophia,train,6,source
09660.png,colosseum,test,0,source
08209.png,st_stephen_cathedral_vienna,val,4,source
09959.png,st_stephen_cathedral_vienna,test,4,source
05067_aug_0.png,hagia_sophia,train,6,source
00366_aug_0.png,berlin_cathedral,train,5,source
07000.png,colosseum,val,0,source
02219_aug_0.png,st_stephen_cathedral_vienna,train,4,source
08389.png,st_stephen_cathedral_vienna,val,4,source
04333_aug_0.png,museu_nacional_dart_de_catalunya,train,3,source
07011.png,petronas_towers,val,1,source
08041.png,petronas_towers,val,1,source
08232.png,rialto_bridge,val,2,source
08467.png,hagia_sophia,val,6,source
09256.png,berlin_cathedral,test,5,source
00280_aug_0.png,colosseum,train,0,source
09281.png,petronas_towers,test,1,source
02881_aug_0.png,petronas_towers,train,1,source
02589_aug_0.png,st_stephen_cathedral_vienna,train,4,source
08646.png,berlin_cathedral,test,5,source
07630.png,colosseum,val,0,source
03009_aug_0.png,st_stephen_cathedral_vienna,train,4,source
05572_aug_0.png,rialto_bridge,train,2,source
09278.png,gaudi_casa_batllo_barcelona,test,7,source
08278.png,gaudi_casa_batllo_barcelona,val,7,source
08851.png,petronas_towers,test,1,source
06461_aug_0.png,petronas_towers,train,1,source
01260_aug_0.png,colosseum,train,0,source
08463.png,museu_nacional_dart_de_catalunya,val,3,source
04760_aug_0.png,colosseum,train,0,source
07382.png,rialto_bridge,val,2,source
03511_aug_0.png,petronas_towers,train,1,source
00108_aug_0.png,gaudi_casa_batllo_barcelona,train,7,source
07599.png,st_stephen_cathedral_vienna,val,4,source
02051_aug_0.png,petronas_towers,train,1,source
06508_aug_0.png,gaudi_casa_batllo_barcelona,train,7,source
02576_aug_0.png,berlin_cathedral,train,5,source
04747_aug_0.png,hagia_sophia,train,6,source
05022_aug_0.png,rialto_bridge,train,2,source
08322.png,rialto_bridge,val,2,source
08763.png,museu_nacional_dart_de_catalunya,test,3,source
06902_aug_0.png,rialto_bridge,train,2,source
02483_aug_0.png,museu_nacional_dart_de_catalunya,train,3,source
07688.png,gaudi_casa_batllo_barcelona,val,7,source
08720.png,colosseum,test,0,source
07787.png,hagia_sophia,val,6,source
05106_aug_0.png,berlin_cathedral,train,5,source
09357.png,hagia_sophia,test,6,source
02989_aug_0.png,st_stephen_cathedral_vienna,train,4,source
08573.png,museu_nacional_dart_de_catalunya,test,3,source
09668.png,gaudi_casa_batllo_barcelona,test,7,source
07773.png,museu_nacional_dart_de_catalunya,val,3,source
05950_aug_0.png,colosseum,train,0,source
03913_aug_0.png,museu_nacional_dart_de_catalunya,train,3,source
07086.png,berlin_cathedral,val,5,source
03422_aug_0.png,rialto_bridge,train,2,source
07056.png,berlin_cathedral,val,5,source
09651.png,petronas_towers,test,1,source
06653_aug_0.png,museu_nacional_dart_de_catalunya,train,3,source
02450_aug_0.png,colosseum,train,0,source
01697_aug_0.png,hagia_sophia,train,6,source
04927_aug_0.png,hagia_sophia,train,6,source
09247.png,hagia_sophia,test,6,source
03231_aug_0.png,petronas_towers,train,1,source
03217_aug_0.png,hagia_sophia,train,6,source
08176.png,berlin_cathedral,val,5,source
09810.png,colosseum,test,0,source
03821_aug_0.png,petronas_towers,train,1,source
03682_aug_0.png,rialto_bridge,train,2,source
02787_aug_0.png,hagia_sophia,train,6,source
01698_aug_0.png,gaudi_casa_batllo_barcelona,train,7,source
07329.png,st_stephen_cathedral_vienna,val,4,source
05062_aug_0.png,rialto_bridge,train,2,source
07550.png,colosseum,val,0,source
07407.png,hagia_sophia,val,6,source
04368_aug_0.png,gaudi_casa_batllo_barcelona,train,7,source
04782_aug_0.png,rialto_bridge,train,2,source
08846.png,berlin_cathedral,test,5,source
06156_aug_0.png,berlin_cathedral,train,5,source
02186_aug_0.png,berlin_cathedral,train,5,source
07066.png,berlin_cathedral,val,5,source
07023.png,museu_nacional_dart_de_catalunya,val,3,source
08480.png,colosseum,val,0,source
05169_aug_0.png,st_stephen_cathedral_vienna,train,4,source
00172_aug_0.png,rialto_bridge,train,2,source
09287.png,hagia_sophia,test,6,source
08143.png,museu_nacional_dart_de_catalunya,val,3,source
07263.png,museu_nacional_dart_de_catalunya,val,3,source
02978_aug_0.png,gaudi_casa_batllo_barcelona,train,7,source
07822.png,rialto_bridge,val,2,source
03137_aug_0.png,hagia_sophia,train,6,source
00137_aug_0.png,hagia_sophia,train,6,source
09182.png,rialto_bridge,test,2,source
00792_aug_0.png,rialto_bridge,train,2,source
07889.png,st_stephen_cathedral_vienna,val,4,source
01209_aug_0.png,st_stephen_cathedral_vienna,train,4,source
03727_aug_0.png,hagia_sophia,train,6,source
07843.png,museu_nacional_dart_de_catalunya,val,3,source
05442_aug_0.png,rialto_bridge,train,2,source
02683_aug_0.png,museu_nacional_dart_de_catalunya,train,3,source
06182_aug_0.png,rialto_bridge,train,2,source
00428_aug_0.png,gaudi_casa_batllo_barcelona,train,7,source
04543_aug_0.png,museu_nacional_dart_de_catalunya,train,3,source
04746_aug_0.png,berlin_cathedral,train,5,source
05926_aug_0.png,berlin_cathedral,train,5,source
08340.png,colosseum,val,0,source
05300_aug_0.png,colosseum,train,0,source
07993.png,museu_nacional_dart_de_catalunya,val,3,source
03417_aug_0.png,hagia_sophia,train,6,source
04067_aug_0.png,hagia_sophia,train,6,source
07358.png,gaudi_casa_batllo_barcelona,val,7,source
06016_aug_0.png,berlin_cathedral,train,5,source
00180_aug_0.png,colosseum,train,0,source
00776_aug_0.png,berlin_cathedral,train,5,source
03043_aug_0.png,museu_nacional_dart_de_catalunya,train,3,source
07458.png,gaudi_casa_batllo_barcelona,val,7,source
03111_aug_0.png,petronas_towers,train,1,source
05788_aug_0.png,gaudi_casa_batllo_barcelona,train,7,source
05051_aug_0.png,petronas_towers,train,1,source
03220_aug_0.png,colosseum,train,0,source
02108_aug_0.png,gaudi_casa_batllo_barcelona,train,7,source
00473_aug_0.png,museu_nacional_dart_de_catalunya,train,3,source
09650.png,colosseum,test,0,source
08187.png,hagia_sophia,val,6,source
08758.png,gaudi_casa_batllo_barcelona,test,7,source
00177_aug_0.png,hagia_sophia,train,6,source
00008_aug_0.png,gaudi_casa_batllo_barcelona,train,7,source
09326.png,berlin_cathedral,test,5,source
07810.png,colosseum,val,0,source
03842_aug_0.png,rialto_bridge,train,2,source
03901_aug_0.png,petronas_towers,train,1,source
07470.png,colosseum,val,0,source
07216.png,berlin_cathedral,val,5,source
07328.png,gaudi_casa_batllo_barcelona,val,7,source
07082.png,rialto_bridge,val,2,source
08596.png,berlin_cathedral,test,5,source
03543_aug_0.png,museu_nacional_dart_de_catalunya,train,3,source
08908.png,gaudi_casa_batllo_barcelona,test,7,source
03188_aug_0.png,gaudi_casa_batllo_barcelona,train,7,source
08843.png,museu_nacional_dart_de_catalunya,test,3,source
01678_aug_0.png,gaudi_casa_batllo_barcelona,train,7,source
09836.png,berlin_cathedral,test,5,source
01881_aug_0.png,petronas_towers,train,1,source
08780.png,colosseum,test,0,source
08626.png,berlin_cathedral,test,5,source
06663_aug_0.png,museu_nacional_dart_de_catalunya,train,3,source
01578_aug_0.png,gaudi_casa_batllo_barcelona,train,7,source
04282_aug_0.png,rialto_bridge,train,2,source
08529.png,st_stephen_cathedral_vienna,test,4,source
08569.png,st_stephen_cathedral_vienna,test,4,source
08283.png,museu_nacional_dart_de_catalunya,val,3,source
08688.png,gaudi_casa_batllo_barcelona,test,7,source
06729_aug_0.png,st_stephen_cathedral_vienna,train,4,source
04939_aug_0.png,st_stephen_cathedral_vienna,train,4,source
01321_aug_0.png,petronas_towers,train,1,source
03730_aug_0.png,colosseum,train,0,source
04158_aug_0.png,gaudi_casa_batllo_barcelona,train,7,source
06903_aug_0.png,museu_nacional_dart_de_catalunya,train,3,source
09626.png,berlin_cathedral,test,5,source
07998.png,gaudi_casa_batllo_barcelona,val,7,source
05903_aug_0.png,museu_nacional_dart_de_catalunya,train,3,source
08913.png,museu_nacional_dart_de_catalunya,test,3,source
02131_aug_0.png,petronas_towers,train,1,source
07828.png,gaudi_casa_batllo_barcelona,val,7,source
07939.png,st_stephen_cathedral_vienna,val,4,source
07076.png,berlin_cathedral,val,5,source
08060.png,colosseum,val,0,source
04907_aug_0.png,hagia_sophia,train,6,source
08409.png,st_stephen_cathedral_vienna,val,4,source
07759.png,st_stephen_cathedral_vienna,val,4,source
03590_aug_0.png,colosseum,train,0,source
07169.png,st_stephen_cathedral_vienna,val,4,source
08927.png,hagia_sophia,test,6,source
04966_aug_0.png,berlin_cathedral,train,5,source
05928_aug_0.png,gaudi_casa_batllo_barcelona,train,7,source
08349.png,st_stephen_cathedral_vienna,val,4,source
04262_aug_0.png,rialto_bridge,train,2,source
03280_aug_0.png,colosseum,train,0,source
02366_aug_0.png,berlin_cathedral,train,5,source
02600_aug_0.png,colosseum,train,0,source
03073_aug_0.png,museu_nacional_dart_de_catalunya,train,3,source
08910.png,colosseum,test,0,source
05740_aug_0.png,colosseum,train,0,source
07760.png,colosseum,val,0,source
03076_aug_0.png,berlin_cathedral,train,5,source
07613.png,museu_nacional_dart_de_catalunya,val,3,source
09512.png,rialto_bridge,test,2,source
08251.png,petronas_towers,val,1,source
06192_aug_0.png,rialto_bridge,train,2,source
08183.png,museu_nacional_dart_de_catalunya,val,3,source
07033.png,museu_nacional_dart_de_catalunya,val,3,source
08023.png,museu_nacional_dart_de_catalunya,val,3,source
03186_aug_0.png,berlin_cathedral,train,5,source
09103.png,museu_nacional_dart_de_catalunya,test,3,source
05936_aug_0.png,berlin_cathedral,train,5,source
02517_aug_0.png,hagia_sophia,train,6,source
05079_aug_0.png,st_stephen_cathedral_vienna,train,4,source
07047.png,hagia_sophia,val,6,source
02549_aug_0.png,st_stephen_cathedral_vienna,train,4,source
02562_aug_0.png,rialto_bridge,train,2,source
09501.png,petronas_towers,test,1,source
09288.png,gaudi_casa_batllo_barcelona,test,7,source
09911.png,petronas_towers,test,1,source
08220.png,colosseum,val,0,source
04636_aug_0.png,berlin_cathedral,train,5,source
08302.png,rialto_bridge,val,2,source
04612_aug_0.png,rialto_bridge,train,2,source
04703_aug_0.png,museu_nacional_dart_de_catalunya,train,3,source
05310_aug_0.png,colosseum,train,0,source
07679.png,st_stephen_cathedral_vienna,val,4,source
00228_aug_0.png,gaudi_casa_batllo_barcelona,train,7,source
02507_aug_0.png,hagia_sophia,train,6,source
06692_aug_0.png,rialto_bridge,train,2,source
01666_aug_0.png,berlin_cathedral,train,5,source
09737.png,hagia_sophia,test,6,source
05428_aug_0.png,gaudi_casa_batllo_barcelona,train,7,source
00057_aug_0.png,hagia_sophia,train,6,source
07872.png,rialto_bridge,val,2,source
04448_aug_0.png,gaudi_casa_batllo_barcelona,train,7,source
08321.png,petronas_towers,val,1,source
00866_aug_0.png,berlin_cathedral,train,5,source
03141_aug_0.png,petronas_towers,train,1,source
07608.png,gaudi_casa_batllo_barcelona,val,7,source
04520_aug_0.png,colosseum,train,0,source
07642.png,rialto_bridge,val,2,source
03357_aug_0.png,hagia_sophia,train,6,source
02039_aug_0.png,st_stephen_cathedral_vienna,train,4,source
07848.png,gaudi_casa_batllo_barcelona,val,7,source
03733_aug_0.png,museu_nacional_dart_de_catalunya,train,3,source
07897.png,hagia_sophia,val,6,source
08307.png,hagia_sophia,val,6,source
01218_aug_0.png,gaudi_casa_batllo_barcelona,train,7,source
09991.png,petronas_towers,test,1,source
07647.png,hagia_sophia,val,6,source
06277_aug_0.png,hagia_sophia,train,6,source
07537.png,hagia_sophia,val,6,source
05769_aug_0.png,st_stephen_cathedral_vienna,train,4,source
06600_aug_0.png,colosseum,train,0,source
06319_aug_0.png,st_stephen_cathedral_vienna,train,4,source
08586.png,berlin_cathedral,test,5,source
07156.png,berlin_cathedral,val,5,source
08080.png,colosseum,val,0,source
08760.png,colosseum,test,0,source
09229.png,st_stephen_cathedral_vienna,test,4,source
07059.png,st_stephen_cathedral_vienna,val,4,source
01098_aug_0.png,gaudi_casa_batllo_barcelona,train,7,source
04846_aug_0.png,berlin_cathedral,train,5,source
01458_aug_0.png,gaudi_casa_batllo_barcelona,train,7,source
09473.png,museu_nacional_dart_de_catalunya,test,3,source
07356.png,berlin_cathedral,val,5,source
01383_aug_0.png,museu_nacional_dart_de_catalunya,train,3,source
06498_aug_0.png,gaudi_casa_batllo_barcelona,train,7,source
00412_aug_0.png,rialto_bridge,train,2,source
09181.png,petronas_towers,test,1,source
04847_aug_0.png,hagia_sophia,train,6,source
05152_aug_0.png,rialto_bridge,train,2,source
00868_aug_0.png,gaudi_casa_batllo_barcelona,train,7,source
00463_aug_0.png,museu_nacional_dart_de_catalunya,train,3,source
06190_aug_0.png,colosseum,train,0,source
04616_aug_0.png,berlin_cathedral,train,5,source
06948_aug_0.png,gaudi_casa_batllo_barcelona,train,7,source
02777_aug_0.png,hagia_sophia,train,6,source
04873_aug_0.png,museu_nacional_dart_de_catalunya,train,3,source
03982_aug_0.png,rialto_bridge,train,2,source
08701.png,petronas_towers,test,1,source
01833_aug_0.png,museu_nacional_dart_de_catalunya,train,3,source
00468_aug_0.png,gaudi_casa_batllo_barcelona,train,7,source
02538_aug_0.png,gaudi_casa_batllo_barcelona,train,7,source
03018_aug_0.png,gaudi_casa_batllo_barcelona,train,7,source
03956_aug_0.png,berlin_cathedral,train,5,source
01547_aug_0.png,hagia_sophia,train,6,source
07303.png,museu_nacional_dart_de_catalunya,val,3,source
01060_aug_0.png,colosseum,train,0,source
09852.png,rialto_bridge,test,2,source
08546.png,berlin_cathedral,test,5,source
01533_aug_0.png,museu_nacional_dart_de_catalunya,train,3,source
02091_aug_0.png,petronas_towers,train,1,source
00211_aug_0.png,petronas_towers,train,1,source
02446_aug_0.png,berlin_cathedral,train,5,source
07160.png,colosseum,val,0,source
02931_aug_0.png,petronas_towers,train,1,source
00199_aug_0.png,st_stephen_cathedral_vienna,train,4,source
07392.png,rialto_bridge,val,2,source
06977_aug_0.png,hagia_sophia,train,6,source
00836_aug_0.png,berlin_cathedral,train,5,source
09038.png,gaudi_casa_batllo_barcelona,test,7,source
04010_aug_0.png,colosseum,train,0,source
08379.png,st_stephen_cathedral_vienna,val,4,source
09167.png,hagia_sophia,test,6,source
07342.png,rialto_bridge,val,2,source
08619.png,st_stephen_cathedral_vienna,test,4,source
09966.png,berlin_cathedral,test,5,source
08188.png,gaudi_casa_batllo_barcelona,val,7,source
01876_aug_0.png,berlin_cathedral,train,5,source
09643.png,museu_nacional_dart_de_catalunya,test,3,source
06738_aug_0.png,gaudi_casa_batllo_barcelona,train,7,source
04256_aug_0.png,berlin_cathedral,train,5,source
02416_aug_0.png,berlin_cathedral,train,5,source
05606_aug_0.png,berlin_cathedral,train,5,source
01567_aug_0.png,hagia_sophia,train,6,source
00787_aug_0.png,hagia_sophia,train,6,source
09447.png,hagia_sophia,test,6,source
04909_aug_0.png,st_stephen_cathedral_vienna,train,4,source
02353_aug_0.png,museu_nacional_dart_de_catalunya,train,3,source
03637_aug_0.png,hagia_sophia,train,6,source
06530_aug_0.png,colosseum,train,0,source
00732_aug_0.png,rialto_bridge,train,2,source
08833.png,museu_nacional_dart_de_catalunya,test,3,source
05859_aug_0.png,st_stephen_cathedral_vienna,train,4,source
09328.png,gaudi_casa_batllo_barcelona,test,7,source
00773_aug_0.png,museu_nacional_dart_de_catalunya,train,3,source
08652.png,rialto_bridge,test,2,source
09769.png,st_stephen_cathedral_vienna,test,4,source
04811_aug_0.png,petronas_towers,train,1,source
09290.png,colosseum,test,0,source
05466_aug_0.png,berlin_cathedral,train,5,source
03381_aug_0.png,petronas_towers,train,1,source
09366.png,berlin_cathedral,test,5,source
07077.png,hagia_sophia,val,6,source
07427.png,hagia_sophia,val,6,source
08499.png,st_stephen_cathedral_vienna,val,4,source
03610_aug_0.png,colosseum,train,0,source
09138.png,gaudi_casa_batllo_barcelona,test,7,source
09457.png,hagia_sophia,test,6,source
07136.png,berlin_cathedral,val,5,source
02262_aug_0.png,rialto_bridge,train,2,source
05381_aug_0.png,petronas_towers,train,1,source
07629.png,st_stephen_cathedral_vienna,val,4,source
02968_aug_0.png,gaudi_casa_batllo_barcelona,train,7,source
02191_aug_0.png,petronas_towers,train,1,source
02386_aug_0.png,berlin_cathedral,train,5,source
07417.png,hagia_sophia,val,6,source
00549_aug_0.png,st_stephen_cathedral_vienna,train,4,source
04232_aug_0.png,rialto_bridge,train,2,source
07006.png,berlin_cathedral,val,5,source
07401.png,petronas_towers,val,1,source
00953_aug_0.png,museu_nacional_dart_de_catalunya,train,3,source
05630_aug_0.png,colosseum,train,0,source
05771_aug_0.png,petronas_towers,train,1,source
08426.png,berlin_cathedral,val,5,source
01973_aug_0.png,museu_nacional_dart_de_catalunya,train,3,source
00710_aug_0.png,colosseum,train,0,source
08318.png,gaudi_casa_batllo_barcelona,val,7,source
05467_aug_0.png,hagia_sophia,train,6,source
05089_aug_0.png,st_stephen_cathedral_vienna,train,4,source
07956.png,berlin_cathedral,val,5,source
05966_aug_0.png,berlin_cathedral,train,5,source
07597.png,hagia_sophia,val,6,source
04248_aug_0.png,gaudi_casa_batllo_barcelona,train,7,source
05420_aug_0.png,colosseum,train,0,source
00717_aug_0.png,hagia_sophia,train,6,source
02451_aug_0.png,petronas_towers,train,1,source
01130_aug_0.png,colosseum,train,0,source
07391.png,petronas_towers,val,1,source
05496_aug_0.png,berlin_cathedral,train,5,source
06661_aug_0.png,petronas_towers,train,1,source
08138.png,gaudi_casa_batllo_barcelona,val,7,source
06033_aug_0.png,museu_nacional_dart_de_catalunya,train,3,source
07319.png,st_stephen_cathedral_vienna,val,4,source
08411.png,petronas_towers,val,1,source
09196.png,berlin_cathedral,test,5,source
07979.png,st_stephen_cathedral_vienna,val,4,source
06171_aug_0.png,petronas_towers,train,1,source
04512_aug_0.png,rialto_bridge,train,2,source
07360.png,colosseum,val,0,source
03582_aug_0.png,rialto_bridge,train,2,source
02249_aug_0.png,st_stephen_cathedral_vienna,train,4,source
02876_aug_0.png,berlin_cathedral,train,5,source
08181.png,petronas_towers,val,1,source
08543.png,museu_nacional_dart_de_catalunya,test,3,source
00750_aug_0.png,colosseum,train,0,source
01591_aug_0.png,petronas_towers,train,1,source
03437_aug_0.png,hagia_sophia,train,6,source
08802.png,rialto_bridge,test,2,source
05613_aug_0.png,museu_nacional_dart_de_catalunya,train,3,source
08617.png,hagia_sophia,test,6,source
05688_aug_0.png,gaudi_casa_batllo_barcelona,train,7,source
06928_aug_0.png,gaudi_casa_batllo_barcelona,train,7,source
07123.png,museu_nacional_dart_de_catalunya,val,3,source
01627_aug_0.png,hagia_sophia,train,6,source
03418_aug_0.png,gaudi_casa_batllo_barcelona,train,7,source
06363_aug_0.png,museu_nacional_dart_de_catalunya,train,3,source
07476.png,berlin_cathedral,val,5,source
00308_aug_0.png,gaudi_casa_batllo_barcelona,train,7,source
04567_aug_0.png,hagia_sophia,train,6,source
04431_aug_0.png,petronas_towers,train,1,source
08083.png,museu_nacional_dart_de_catalunya,val,3,source
04102_aug_0.png,rialto_bridge,train,2,source
02546_aug_0.png,berlin_cathedral,train,5,source
05351_aug_0.png,petronas_towers,train,1,source
08859.png,st_stephen_cathedral_vienna,test,4,source
05850_aug_0.png,colosseum,train,0,source
06501_aug_0.png,petronas_towers,train,1,source
02173_aug_0.png,museu_nacional_dart_de_catalunya,train,3,source
02740_aug_0.png,colosseum,train,0,source
05410_aug_0.png,colosseum,train,0,source
03908_aug_0.png,gaudi_casa_batllo_barcelona,train,7,source
09819.png,st_stephen_cathedral_vienna,test,4,source
03093_aug_0.png,museu_nacional_dart_de_catalunya,train,3,source
06153_aug_0.png,museu_nacional_dart_de_catalunya,train,3,source
09023.png,museu_nacional_dart_de_catalunya,test,3,source
09872.png,rialto_bridge,test,2,source
08863.png,museu_nacional_dart_de_catalunya,test,3,source
04857_aug_0.png,hagia_sophia,train,6,source
01763_aug_0.png,museu_nacional_dart_de_catalunya,train,3,source
01647_aug_0.png,hagia_sophia,train,6,source
04779_aug_0.png,st_stephen_cathedral_vienna,train,4,source
02128_aug_0.png,gaudi_casa_batllo_barcelona,train,7,source
06338_aug_0.png,gaudi_casa_batllo_barcelona,train,7,source
02078_aug_0.png,gaudi_casa_batllo_barcelona,train,7,source
01952_aug_0.png,rialto_bridge,train,2,source
00242_aug_0.png,rialto_bridge,train,2,source
08693.png,museu_nacional_dart_de_catalunya,test,3,source
08030.png,colosseum,val,0,source
04513_aug_0.png,museu_nacional_dart_de_catalunya,train,3,source
09907.png,hagia_sophia,test,6,source
03883_aug_0.png,museu_nacional_dart_de_catalunya,train,3,source
05299_aug_0.png,st_stephen_cathedral_vienna,train,4,source
02256_aug_0.png,berlin_cathedral,train,5,source
08020.png,colosseum,val,0,source
08902.png,rialto_bridge,test,2,source
06053_aug_0.png,museu_nacional_dart_de_catalunya,train,3,source
03938_aug_0.png,gaudi_casa_batllo_barcelona,train,7,source
08667.png,hagia_sophia,test,6,source
03506_aug_0.png,berlin_cathedral,train,5,source
05677_aug_0.png,hagia_sophia,train,6,source
09263.png,museu_nacional_dart_de_catalunya,test,3,source
03219_aug_0.png,st_stephen_cathedral_vienna,train,4,source
04820_aug_0.png,colosseum,train,0,source
01693_aug_0.png,museu_nacional_dart_de_catalunya,train,3,source
05589_aug_0.png,st_stephen_cathedral_vienna,train,4,source
04202_aug_0.png,rialto_bridge,train,2,source
03518_aug_0.png,gaudi_casa_batllo_barcelona,train,7,source
03562_aug_0.png,rialto_bridge,train,2,source
01052_aug_0.png,rialto_bridge,train,2,source
08609.png,st_stephen_cathedral_vienna,test,4,source
07619.png,st_stephen_cathedral_vienna,val,4,source
07472.png,rialto_bridge,val,2,source
07159.png,st_stephen_cathedral_vienna,val,4,source
08823.png,museu_nacional_dart_de_catalunya,test,3,source
02860_aug_0.png,colosseum,train,0,source
08211.png,petronas_towers,val,1,source
09802.png,rialto_bridge,test,2,source
06026_aug_0.png,berlin_cathedral,train,5,source
02216_aug_0.png,berlin_cathedral,train,5,source
07228.png,gaudi_casa_batllo_barcelona,val,7,source
07273.png,museu_nacional_dart_de_catalunya,val,3,source
04062_aug_0.png,rialto_bridge,train,2,source
03309_aug_0.png,st_stephen_cathedral_vienna,train,4,source
05376_aug_0.png,berlin_cathedral,train,5,source
09942.png,rialto_bridge,test,2,source
08972.png,rialto_bridge,test,2,source
01492_aug_0.png,rialto_bridge,train,2,source
09003.png,museu_nacional_dart_de_catalunya,test,3,source
07717.png,hagia_sophia,val,6,source
01463_aug_0.png,museu_nacional_dart_de_catalunya,train,3,source
06720_aug_0.png,colosseum,train,0,source
01366_aug_0.png,berlin_cathedral,train,5,source
01898_aug_0.png,gaudi_casa_batllo_barcelona,train,7,source
04267_aug_0.png,hagia_sophia,train,6,source
09841.png,petronas_towers,test,1,source
07312.png,rialto_bridge,val,2,source
05236_aug_0.png,berlin_cathedral,train,5,source
01871_aug_0.png,petronas_towers,train,1,source
05626_aug_0.png,berlin_cathedral,train,5,source
05017_aug_0.png,hagia_sophia,train,6,source
02326_aug_0.png,berlin_cathedral,train,5,source
04566_aug_0.png,berlin_cathedral,train,5,source
08590.png,colosseum,test,0,source
04982_aug_0.png,rialto_bridge,train,2,source
00689_aug_0.png,st_stephen_cathedral_vienna,train,4,source
01151_aug_0.png,petronas_towers,train,1,source
05861_aug_0.png,petronas_towers,train,1,source
02440_aug_0.png,colosseum,train,0,source
09526.png,berlin_cathedral,test,5,source
08197.png,hagia_sophia,val,6,source
00007_aug_0.png,hagia_sophia,train,6,source
07581.png,petronas_towers,val,1,source
05288_aug_0.png,gaudi_casa_batllo_barcelona,train,7,source
04330_aug_0.png,colosseum,train,0,source
06448_aug_0.png,gaudi_casa_batllo_barcelona,train,7,source
01419_aug_0.png,st_stephen_cathedral_vienna,train,4,source
00559_aug_0.png,st_stephen_cathedral_vienna,train,4,source
09672.png,rialto_bridge,test,2,source
01773_aug_0.png,museu_nacional_dart_de_catalunya,train,3,source
08871.png,petronas_towers,test,1,source
07518.png,gaudi_casa_batllo_barcelona,val,7,source
06776_aug_0.png,berlin_cathedral,train,5,source
07027.png,hagia_sophia,val,6,source
09273.png,museu_nacional_dart_de_catalunya,test,3,source
08468.png,gaudi_casa_batllo_barcelona,val,7,source
04582_aug_0.png,rialto_bridge,train,2,source
07346.png,berlin_cathedral,val,5,source
08478.png,gaudi_casa_batllo_barcelona,val,7,source
06151_aug_0.png,petronas_towers,train,1,source
00597_aug_0.png,hagia_sophia,train,6,source
09949.png,st_stephen_cathedral_vienna,test,4,source
05176_aug_0.png,berlin_cathedral,train,5,source
07970.png,colosseum,val,0,source
01523_aug_0.png,museu_nacional_dart_de_catalunya,train,3,source
00421_aug_0.png,petronas_towers,train,1,source
00823_aug_0.png,museu_nacional_dart_de_catalunya,train,3,source
01512_aug_0.png,rialto_bridge,train,2,source
00513_aug_0.png,museu_nacional_dart_de_catalunya,train,3,source
05461_aug_0.png,petronas_towers,train,1,source
08018.png,gaudi_casa_batllo_barcelona,val,7,source
06017_aug_0.png,hagia_sophia,train,6,source
01682_aug_0.png,rialto_bridge,train,2,source
02897_aug_0.png,hagia_sophia,train,6,source
08351.png,petronas_towers,val,1,source
04482_aug_0.png,rialto_bridge,train,2,source
00139_aug_0.png,st_stephen_cathedral_vienna,train,4,source
04921_aug_0.png,petronas_towers,train,1,source
00908_aug_0.png,gaudi_casa_batllo_barcelona,train,7,source
07350.png,colosseum,val,0,source
02352_aug_0.png,rialto_bridge,train,2,source
08893.png,museu_nacional_dart_de_catalunya,test,3,source
08233.png,museu_nacional_dart_de_catalunya,val,3,source
02673_aug_0.png,museu_nacional_dart_de_catalunya,train,3,source
09228.png,gaudi_casa_batllo_barcelona,test,7,source
02943_aug_0.png,museu_nacional_dart_de_catalunya,train,3,source
07713.png,museu_nacional_dart_de_catalunya,val,3,source
02757_aug_0.png,hagia_sophia,train,6,source
06497_aug_0.png,hagia_sophia,train,6,source
08363.png,museu_nacional_dart_de_catalunya,val,3,source
02890_aug_0.png,colosseum,train,0,source
08052.png,rialto_bridge,val,2,source
04239_aug_0.png,st_stephen_cathedral_vienna,train,4,source
09332.png,rialto_bridge,test,2,source
07399.png,st_stephen_cathedral_vienna,val,4,source
09152.png,rialto_bridge,test,2,source
02207_aug_0.png,hagia_sophia,train,6,source
09771.png,petronas_towers,test,1,source
03253_aug_0.png,museu_nacional_dart_de_catalunya,train,3,source
02076_aug_0.png,berlin_cathedral,train,5,source
01603_aug_0.png,museu_nacional_dart_de_catalunya,train,3,source
00671_aug_0.png,petronas_towers,train,1,source
08537.png,hagia_sophia,test,6,source
01918_aug_0.png,gaudi_casa_batllo_barcelona,train,7,source
07917.png,hagia_sophia,val,6,source
09033.png,museu_nacional_dart_de_catalunya,test,3,source
06647_aug_0.png,hagia_sophia,train,6,source
06996_aug_0.png,berlin_cathedral,train,5,source
07943.png,museu_nacional_dart_de_catalunya,val,3,source
07478.png,gaudi_casa_batllo_barcelona,val,7,source
03878_aug_0.png,gaudi_casa_batllo_barcelona,train,7,source
02270_aug_0.png,colosseum,train,0,source
03121_aug_0.png,petronas_towers,train,1,source
00911_aug_0.png,petronas_towers,train,1,source
09148.png,gaudi_casa_batllo_barcelona,test,7,source
06228_aug_0.png,gaudi_casa_batllo_barcelona,train,7,source
02572_aug_0.png,rialto_bridge,train,2,source
04358_aug_0.png,gaudi_casa_batllo_barcelona,train,7,source
05577_aug_0.png,hagia_sophia,train,6,source
07013.png,museu_nacional_dart_de_catalunya,val,3,source
09476.png,berlin_cathedral,test,5,source
05511_aug_0.png,petronas_towers,train,1,source
06548_aug_0.png,gaudi_casa_batllo_barcelona,train,7,source
08236.png,berlin_cathedral,val,5,source
04307_aug_0.png,hagia_sophia,train,6,source
00279_aug_0.png,st_stephen_cathedral_vienna,train,4,source
08777.png,hagia_sophia,test,6,source
09131.png,petronas_towers,test,1,source
07652.png,rialto_bridge,val,2,source
07441.png,petronas_towers,val,1,source
02536_aug_0.png,berlin_cathedral,train,5,source
08670.png,colosseum,test,0,source
02732_aug_0.png,rialto_bridge,train,2,source
05438_aug_0.png,gaudi_casa_batllo_barcelona,train,7,source
07021.png,petronas_towers,val,1,source
09477.png,hagia_sophia,test,6,source
07166.png,berlin_cathedral,val,5,source
01348_aug_0.png,gaudi_casa_batllo_barcelona,train,7,source
08460.png,colosseum,val,0,source
09798.png,gaudi_casa_batllo_barcelona,test,7,source
08199.png,st_stephen_cathedral_vienna,val,4,source
01222_aug_0.png,rialto_bridge,train,2,source
00636_aug_0.png,berlin_cathedral,train,5,source
06099_aug_0.png,st_stephen_cathedral_vienna,train,4,source
09153.png,museu_nacional_dart_de_catalunya,test,3,source
08722.png,rialto_bridge,test,2,source
02743_aug_0.png,museu_nacional_dart_de_catalunya,train,3,source
03348_aug_0.png,gaudi_casa_batllo_barcelona,train,7,source
00198_aug_0.png,gaudi_casa_batllo_barcelona,train,7,source
08730.png,colosseum,test,0,source
05280_aug_0.png,colosseum,train,0,source
06103_aug_0.png,museu_nacional_dart_de_catalunya,train,3,source
04673_aug_0.png,museu_nacional_dart_de_catalunya,train,3,source
05547_aug_0.png,hagia_sophia,train,6,source
08040.png,colosseum,val,0,source
08682.png,rialto_bridge,test,2,source
09110.png,colosseum,test,0,source
03020_aug_0.png,colosseum,train,0,source
04611_aug_0.png,petronas_towers,train,1,source
03122_aug_0.png,rialto_bridge,train,2,source
05026_aug_0.png,berlin_cathedral,train,5,source
01986_aug_0.png,berlin_cathedral,train,5,source
00511_aug_0.png,petronas_towers,train,1,source
09858.png,gaudi_casa_batllo_barcelona,test,7,source
09637.png,hagia_sophia,test,6,source
06642_aug_0.png,rialto_bridge,train,2,source
05229_aug_0.png,st_stephen_cathedral_vienna,train,4,source
08433.png,museu_nacional_dart_de_catalunya,val,3,source
04046_aug_0.png,berlin_cathedral,train,5,source
07388.png,gaudi_casa_batllo_barcelona,val,7,source
06837_aug_0.png,hagia_sophia,train,6,source
03238_aug_0.png,gaudi_casa_batllo_barcelona,train,7,source
01713_aug_0.png,museu_nacional_dart_de_catalunya,train,3,source
05369_aug_0.png,st_stephen_cathedral_vienna,train,4,source
01891_aug_0.png,petronas_towers,train,1,source
09849.png,st_stephen_cathedral_vienna,test,4,source
02463_aug_0.png,museu_nacional_dart_de_catalunya,train,3,source
03116_aug_0.png,berlin_cathedral,train,5,source
09320.png,colosseum,test,0,source
09368.png,gaudi_casa_batllo_barcelona,test,7,source
09171.png,petronas_towers,test,1,source
08501.png,petronas_towers,test,1,source
02998_aug_0.png,gaudi_casa_batllo_barcelona,train,7,source
02097_aug_0.png,hagia_sophia,train,6,source
07818.png,gaudi_casa_batllo_barcelona,val,7,source
07596.png,berlin_cathedral,val,5,source
09486.png,berlin_cathedral,test,5,source
05508_aug_0.png,gaudi_casa_batllo_barcelona,train,7,source
02816_aug_0.png,berlin_cathedral,train,5,source
03433_aug_0.png,museu_nacional_dart_de_catalunya,train,3,source
02790_aug_0.png,colosseum,train,0,source
07409.png,st_stephen_cathedral_vienna,val,4,source
02068_aug_0.png,gaudi_casa_batllo_barcelona,train,7,source
00048_aug_0.png,gaudi_casa_batllo_barcelona,train,7,source
04870_aug_0.png,colosseum,train,0,source
01878_aug_0.png,gaudi_casa_batllo_barcelona,train,7,source
08269.png,st_stephen_cathedral_vienna,val,4,source
06778_aug_0.png,gaudi_casa_batllo_barcelona,train,7,source
09878.png,gaudi_casa_batllo_barcelona,test,7,source
00329_aug_0.png,st_stephen_cathedral_vienna,train,4,source
07248.png,gaudi_casa_batllo_barcelona,val,7,source
03766_aug_0.png,berlin_cathedral,train,5,source
01117_aug_0.png,hagia_sophia,train,6,source
09452.png,rialto_bridge,test,2,source
04932_aug_0.png,rialto_bridge,train,2,source
06976_aug_0.png,berlin_cathedral,train,5,source
04260_aug_0.png,colosseum,train,0,source
05891_aug_0.png,petronas_towers,train,1,source
04808_aug_0.png,gaudi_casa_batllo_barcelona,train,7,source
07978.png,gaudi_casa_batllo_barcelona,val,7,source
04100_aug_0.png,colosseum,train,0,source
04732_aug_0.png,rialto_bridge,train,2,source
07440.png,colosseum,val,0,source
07357.png,hagia_sophia,val,6,source
03991_aug_0.png,petronas_towers,train,1,source
08418.png,gaudi_casa_batllo_barcelona,val,7,source
06129_aug_0.png,st_stephen_cathedral_vienna,train,4,source
07157.png,hagia_sophia,val,6,source
00853_aug_0.png,museu_nacional_dart_de_catalunya,train,3,source
06342_aug_0.png,rialto_bridge,train,2,source
09778.png,gaudi_casa_batllo_barcelona,test,7,source
04311_aug_0.png,petronas_towers,train,1,source
09333.png,museu_nacional_dart_de_catalunya,test,3,source
05272_aug_0.png,rialto_bridge,train,2,source
08281.png,petronas_towers,val,1,source
07297.png,hagia_sophia,val,6,source
00149_aug_0.png,st_stephen_cathedral_vienna,train,4,source
03203_aug_0.png,museu_nacional_dart_de_catalunya,train,3,source
07223.png,museu_nacional_dart_de_catalunya,val,3,source
04700_aug_0.png,colosseum,train,0,source
00309_aug_0.png,st_stephen_cathedral_vienna,train,4,source
08840.png,colosseum,test,0,source
05191_aug_0.png,petronas_towers,train,1,source
05129_aug_0.png,st_stephen_cathedral_vienna,train,4,source
09967.png,hagia_sophia,test,6,source
07532.png,rialto_bridge,val,2,source
03412_aug_0.png,rialto_bridge,train,2,source
02396_aug_0.png,berlin_cathedral,train,5,source
05380_aug_0.png,colosseum,train,0,source
04259_aug_0.png,st_stephen_cathedral_vienna,train,4,source
08477.png,hagia_sophia,val,6,source
07482.png,rialto_bridge,val,2,source
09373.png,museu_nacional_dart_de_catalunya,test,3,source
09070.png,colosseum,test,0,source
03446_aug_0.png,berlin_cathedral,train,5,source
01308_aug_0.png,gaudi_casa_batllo_barcelona,train,7,source
02797_aug_0.png,hagia_sophia,train,6,source
08002.png,rialto_bridge,val,2,source
07467.png,hagia_sophia,val,6,source
05639_aug_0.png,st_stephen_cathedral_vienna,train,4,source
09889.png,st_stephen_cathedral_vienna,test,4,source
00869_aug_0.png,st_stephen_cathedral_vienna,train,4,source
00528_aug_0.png,gaudi_casa_batllo_barcelona,train,7,source
08290.png,colosseum,val,0,source
05880_aug_0.png,colosseum,train,0,source
07903.png,museu_nacional_dart_de_catalunya,val,3,source
05787_aug_0.png,hagia_sophia,train,6,source
01041_aug_0.png,petronas_towers,train,1,source
08500.png,colosseum,test,0,source
01640_aug_0.png,colosseum,train,0,source
01291_aug_0.png,petronas_towers,train,1,source
02537_aug_0.png,hagia_sophia,train,6,source
07366.png,berlin_cathedral,val,5,source
09149.png,st_stephen_cathedral_vienna,test,4,source
07571.png,petronas_towers,val,1,source
00568_aug_0.png,gaudi_casa_batllo_barcelona,train,7,source
09221.png,petronas_towers,test,1,source
05659_aug_0.png,st_stephen_cathedral_vienna,train,4,source
07422.png,rialto_bridge,val,2,source
02378_aug_0.png,gaudi_casa_batllo_barcelona,train,7,source
08876.png,berlin_cathedral,test,5,source
08681.png,petronas_towers,test,1,source
00372_aug_0.png,rialto_bridge,train,2,source
00638_aug_0.png,gaudi_casa_batllo_barcelona,train,7,source
03260_aug_0.png,colosseum,train,0,source
09783.png,museu_nacional_dart_de_catalunya,test,3,source
04306_aug_0.png,berlin_cathedral,train,5,source
09002.png,rialto_bridge,test,2,source
07298.png,gaudi_casa_batllo_barcelona,val,7,source
07936.png,berlin_cathedral,val,5,source
06688_aug_0.png,gaudi_casa_batllo_barcelona,train,7,source
00622_aug_0.png,rialto_bridge,train,2,source
06061_aug_0.png,petronas_towers,train,1,source
06937_aug_0.png,hagia_sophia,train,6,source
07122.png,rialto_bridge,val,2,source
00218_aug_0.png,gaudi_casa_batllo_barcelona,train,7,source
05443_aug_0.png,museu_nacional_dart_de_catalunya,train,3,source
04327_aug_0.png,hagia_sophia,train,6,source
01317_aug_0.png,hagia_sophia,train,6,source
08358.png,gaudi_casa_batllo_barcelona,val,7,source
05700_aug_0.png,colosseum,train,0,source
07521.png,petronas_towers,val,1,source
07461.png,petronas_towers,val,1,source
01740_aug_0.png,colosseum,train,0,source
03976_aug_0.png,berlin_cathedral,train,5,source
01290_aug_0.png,colosseum,train,0,source
09311.png,petronas_towers,test,1,source
07036.png,berlin_cathedral,val,5,source
01120_aug_0.png,colosseum,train,0,source
03556_aug_0.png,berlin_cathedral,train,5,source
05433_aug_0.png,museu_nacional_dart_de_catalunya,train,3,source
05021_aug_0.png,petronas_towers,train,1,source
07333.png,museu_nacional_dart_de_catalunya,val,3,source
02772_aug_0.png,rialto_bridge,train,2,source
04048_aug_0.png,gaudi_casa_batllo_barcelona,train,7,source
08709.png,st_stephen_cathedral_vienna,test,4,source
00772_aug_0.png,rialto_bridge,train,2,source
08317.png,hagia_sophia,val,6,source
05028_aug_0.png,gaudi_casa_batllo_barcelona,train,7,source
05322_aug_0.png,rialto_bridge,train,2,source
08731.png,petronas_towers,test,1,source
00079_aug_0.png,st_stephen_cathedral_vienna,train,4,source
07168.png,gaudi_casa_batllo_barcelona,val,7,source
07969.png,st_stephen_cathedral_vienna,val,4,source
08811.png,petronas_towers,test,1,source
07457.png,hagia_sophia,val,6,source
01250_aug_0.png,colosseum,train,0,source
07576.png,berlin_cathedral,val,5,source
08172.png,rialto_bridge,val,2,source
01457_aug_0.png,hagia_sophia,train,6,source
02611_aug_0.png,petronas_towers,train,1,source
06533_aug_0.png,museu_nacional_dart_de_catalunya,train,3,source
08200.png,colosseum,val,0,source
08476.png,berlin_cathedral,val,5,source
06532_aug_0.png,rialto_bridge,train,2,source
09202.png,rialto_bridge,test,2,source
01172_aug_0.png,rialto_bridge,train,2,source
09972.png,rialto_bridge,test,2,source
08839.png,st_stephen_cathedral_vienna,test,4,source
00247_aug_0.png,hagia_sophia,train,6,source
08031.png,petronas_towers,val,1,source
07851.png,petronas_towers,val,1,source
03092_aug_0.png,rialto_bridge,train,2,source
07052.png,rialto_bridge,val,2,source
08817.png,hagia_sophia,test,6,source
07883.png,museu_nacional_dart_de_catalunya,val,3,source
05961_aug_0.png,petronas_towers,train,1,source
01020_aug_0.png,colosseum,train,0,source
03373_aug_0.png,museu_nacional_dart_de_catalunya,train,3,source
01409_aug_0.png,st_stephen_cathedral_vienna,train,4,source
07793.png,museu_nacional_dart_de_catalunya,val,3,source
09658.png,gaudi_casa_batllo_barcelona,test,7,source
09317.png,hagia_sophia,test,6,source
00643_aug_0.png,museu_nacional_dart_de_catalunya,train,3,source
03499_aug_0.png,st_stephen_cathedral_vienna,train,4,source
04031_aug_0.png,petronas_towers,train,1,source
06128_aug_0.png,gaudi_casa_batllo_barcelona,train,7,source
07797.png,hagia_sophia,val,6,source
01659_aug_0.png,st_stephen_cathedral_vienna,train,4,source
06610_aug_0.png,colosseum,train,0,source
05702_aug_0.png,rialto_bridge,train,2,source
07712.png,rialto_bridge,val,2,source
03400_aug_0.png,colosseum,train,0,source
07050.png,colosseum,val,0,source
07293.png,museu_nacional_dart_de_catalunya,val,3,source
07802.png,rialto_bridge,val,2,source
03350_aug_0.png,colosseum,train,0,source
08492.png,rialto_bridge,val,2,source
01347_aug_0.png,hagia_sophia,train,6,source
01256_aug_0.png,berlin_cathedral,train,5,source
04243_aug_0.png,museu_nacional_dart_de_catalunya,train,3,source
03226_aug_0.png,berlin_cathedral,train,5,source
07782.png,rialto_bridge,val,2,source
06561_aug_0.png,petronas_towers,train,1,source
01779_aug_0.png,st_stephen_cathedral_vienna,train,4,source
08440.png,colosseum,val,0,source
06280_aug_0.png,colosseum,train,0,source
05937_aug_0.png,hagia_sophia,train,6,source
09340.png,colosseum,test,0,source
01597_aug_0.png,hagia_sophia,train,6,source
06868_aug_0.png,gaudi_casa_batllo_barcelona,train,7,source
08111.png,petronas_towers,val,1,source
04161_aug_0.png,petronas_towers,train,1,source
00933_aug_0.png,museu_nacional_dart_de_catalunya,train,3,source
07640.png,colosseum,val,0,source
00442_aug_0.png,rialto_bridge,train,2,source
08761.png,petronas_towers,test,1,source
02192_aug_0.png,rialto_bridge,train,2,source
09331.png,petronas_towers,test,1,source
07638.png,gaudi_casa_batllo_barcelona,val,7,source
01558_aug_0.png,gaudi_casa_batllo_barcelona,train,7,source
01688_aug_0.png,gaudi_casa_batllo_barcelona,train,7,source
06360_aug_0.png,colosseum,train,0,source
06039_aug_0.png,st_stephen_cathedral_vienna,train,4,source
01187_aug_0.png,hagia_sophia,train,6,source
04103_aug_0.png,museu_nacional_dart_de_catalunya,train,3,source
09386.png,berlin_cathedral,test,5,source
07517.png,hagia_sophia,val,6,source
01970_aug_0.png,colosseum,train,0,source
06662_aug_0.png,rialto_bridge,train,2,source
08416.png,berlin_cathedral,val,5,source
05872_aug_0.png,rialto_bridge,train,2,source
02992_aug_0.png,rialto_bridge,train,2,source
04580_aug_0.png,colosseum,train,0,source
07890.png,colosseum,val,0,source
05707_aug_0.png,hagia_sophia,train,6,source
00808_aug_0.png,gaudi_casa_batllo_barcelona,train,7,source
07327.png,hagia_sophia,val,6,source
05712_aug_0.png,rialto_bridge,train,2,source
03033_aug_0.png,museu_nacional_dart_de_catalunya,train,3,source
09391.png,petronas_towers,test,1,source
02666_aug_0.png,berlin_cathedral,train,5,source
07420.png,colosseum,val,0,source
03207_aug_0.png,hagia_sophia,train,6,source
06399_aug_0.png,st_stephen_cathedral_vienna,train,4,source
02280_aug_0.png,colosseum,train,0,source
09723.png,museu_nacional_dart_de_catalunya,test,3,source
09978.png,gaudi_casa_batllo_barcelona,test,7,source
07322.png,rialto_bridge,val,2,source
05698_aug_0.png,gaudi_casa_batllo_barcelona,train,7,source
08412.png,rialto_bridge,val,2,source
07418.png,gaudi_casa_batllo_barcelona,val,7,source
00941_aug_0.png,petronas_towers,train,1,source
02317_aug_0.png,hagia_sophia,train,6,source
02656_aug_0.png,berlin_cathedral,train,5,source
02738_aug_0.png,gaudi_casa_batllo_barcelona,train,7,source
07067.png,hagia_sophia,val,6,source
08660.png,colosseum,test,0,source
08133.png,museu_nacional_dart_de_catalunya,val,3,source
07272.png,rialto_bridge,val,2,source
03927_aug_0.png,hagia_sophia,train,6,source
02528_aug_0.png,gaudi_casa_batllo_barcelona,train,7,source
04080_aug_0.png,colosseum,train,0,source
08377.png,hagia_sophia,val,6,source
08241.png,petronas_towers,val,1,source
08558.png,gaudi_casa_batllo_barcelona,test,7,source
02198_aug_0.png,gaudi_casa_batllo_barcelona,train,7,source
03281_aug_0.png,petronas_towers,train,1,source
05217_aug_0.png,hagia_sophia,train,6,source
01407_aug_0.png,hagia_sophia,train,6,source
08210.png,colosseum,val,0,source
06310_aug_0.png,colosseum,train,0,source
08566.png,berlin_cathedral,test,5,source
06216_aug_0.png,berlin_cathedral,train,5,source
04363_aug_0.png,museu_nacional_dart_de_catalunya,train,3,source
08117.png,hagia_sophia,val,6,source
02762_aug_0.png,rialto_bridge,train,2,source
06468_aug_0.png,gaudi_casa_batllo_barcelona,train,7,source
09382.png,rialto_bridge,test,2,source
03069_aug_0.png,st_stephen_cathedral_vienna,train,4,source
09392.png,rialto_bridge,test,2,source
08513.png,museu_nacional_dart_de_catalunya,test,3,source
02392_aug_0.png,rialto_bridge,train,2,source
00136_aug_0.png,berlin_cathedral,train,5,source
02180_aug_0.png,colosseum,train,0,source
07040.png,colosseum,val,0,source
03698_aug_0.png,gaudi_casa_batllo_barcelona,train,7,source
04408_aug_0.png,gaudi_casa_batllo_barcelona,train,7,source
04136_aug_0.png,berlin_cathedral,train,5,source
02796_aug_0.png,berlin_cathedral,train,5,source
00470_aug_0.png,colosseum,train,0,source
02522_aug_0.png,rialto_bridge,train,2,source
08741.png,petronas_towers,test,1,source
06657_aug_0.png,hagia_sophia,train,6,source
08920.png,colosseum,test,0,source
04471_aug_0.png,petronas_towers,train,1,source
04706_aug_0.png,berlin_cathedral,train,5,source
04863_aug_0.png,museu_nacional_dart_de_catalunya,train,3,source
00931_aug_0.png,petronas_towers,train,1,source
01897_aug_0.png,hagia_sophia,train,6,source
08898.png,gaudi_casa_batllo_barcelona,test,7,source
05822_aug_0.png,rialto_bridge,train,2,source
08819.png,st_stephen_cathedral_vienna,test,4,source
02701_aug_0.png,petronas_towers,train,1,source
07811.png,petronas_towers,val,1,source
05763_aug_0.png,museu_nacional_dart_de_catalunya,train,3,source
00802_aug_0.png,rialto_bridge,train,2,source
07578.png,gaudi_casa_batllo_barcelona,val,7,source
01031_aug_0.png,petronas_towers,train,1,source
03779_aug_0.png,st_stephen_cathedral_vienna,train,4,source
05190_aug_0.png,colosseum,train,0,source
01179_aug_0.png,st_stephen_cathedral_vienna,train,4,source
00817_aug_0.png,hagia_sophia,train,6,source
02201_aug_0.png,petronas_towers,train,1,source
00726_aug_0.png,berlin_cathedral,train,5,source
08928.png,gaudi_casa_batllo_barcelona,test,7,source
06253_aug_0.png,museu_nacional_dart_de_catalunya,train,3,source
05071_aug_0.png,petronas_towers,train,1,source
09666.png,berlin_cathedral,test,5,source
09601.png,petronas_towers,test,1,source
07983.png,museu_nacional_dart_de_catalunya,val,3,source
01610_aug_0.png,colosseum,train,0,source
02081_aug_0.png,petronas_towers,train,1,source
09718.png,gaudi_casa_batllo_barcelona,test,7,source
08088.png,gaudi_casa_batllo_barcelona,val,7,source
08087.png,hagia_sophia,val,6,source
08383.png,museu_nacional_dart_de_catalunya,val,3,source
09996.png,berlin_cathedral,test,5,source
05689_aug_0.png,st_stephen_cathedral_vienna,train,4,source
01632_aug_0.png,rialto_bridge,train,2,source
04059_aug_0.png,st_stephen_cathedral_vienna,train,4,source
06801_aug_0.png,petronas_towers,train,1,source
03222_aug_0.png,rialto_bridge,train,2,source
01572_aug_0.png,rialto_bridge,train,2,source
08427.png,hagia_sophia,val,6,source
04928_aug_0.png,gaudi_casa_batllo_barcelona,train,7,source
02997_aug_0.png,hagia_sophia,train,6,source
09648.png,gaudi_casa_batllo_barcelona,test,7,source
07246.png,berlin_cathedral,val,5,source
02616_aug_0.png,berlin_cathedral,train,5,source
07686.png,berlin_cathedral,val,5,source
07386.png,berlin_cathedral,val,5,source
00056_aug_0.png,berlin_cathedral,train,5,source
06849_aug_0.png,st_stephen_cathedral_vienna,train,4,source
07068.png,gaudi_casa_batllo_barcelona,val,7,source
09322.png,rialto_bridge,test,2,source
04786_aug_0.png,berlin_cathedral,train,5,source
04181_aug_0.png,petronas_towers,train,1,source
07963.png,museu_nacional_dart_de_catalunya,val,3,source
07341.png,petronas_towers,val,1,source
08108.png,gaudi_casa_batllo_barcelona,val,7,source
03910_aug_0.png,colosseum,train,0,source
08559.png,st_stephen_cathedral_vienna,test,4,source
05166_aug_0.png,berlin_cathedral,train,5,source
04761_aug_0.png,petronas_towers,train,1,source
05023_aug_0.png,museu_nacional_dart_de_catalunya,train,3,source
08043.png,museu_nacional_dart_de_catalunya,val,3,source
00651_aug_0.png,petronas_towers,train,1,source
07582.png,rialto_bridge,val,2,source
03887_aug_0.png,hagia_sophia,train,6,source
09461.png,petronas_towers,test,1,source
04472_aug_0.png,rialto_bridge,train,2,source
07916.png,berlin_cathedral,val,5,source
00402_aug_0.png,rialto_bridge,train,2,source
04159_aug_0.png,st_stephen_cathedral_vienna,train,4,source
03657_aug_0.png,hagia_sophia,train,6,source
01198_aug_0.png,gaudi_casa_batllo_barcelona,train,7,source
08123.png,museu_nacional_dart_de_catalunya,val,3,source
05829_aug_0.png,st_stephen_cathedral_vienna,train,4,source
09127.png,hagia_sophia,test,6,source
09118.png,gaudi_casa_batllo_barcelona,test,7,source
09930.png,colosseum,test,0,source
08079.png,st_stephen_cathedral_vienna,val,4,source
06369_aug_0.png,st_stephen_cathedral_vienna,train,4,source
05421_aug_0.png,petronas_towers,train,1,source
09917.png,hagia_sophia,test,6,source
08571.png,petronas_towers,test,1,source
01577_aug_0.png,hagia_sophia,train,6,source
03567_aug_0.png,hagia_sophia,train,6,source
08637.png,hagia_sophia,test,6,source
09619.png,st_stephen_cathedral_vienna,test,4,source
01850_aug_0.png,colosseum,train,0,source
09250.png,colosseum,test,0,source
02988_aug_0.png,gaudi_casa_batllo_barcelona,train,7,source
06063_aug_0.png,museu_nacional_dart_de_catalunya,train,3,source
04092_aug_0.png,rialto_bridge,train,2,source
07881.png,petronas_towers,val,1,source
07158.png,gaudi_casa_batllo_barcelona,val,7,source
03713_aug_0.png,museu_nacional_dart_de_catalunya,train,3,source
06207_aug_0.png,hagia_sophia,train,6,source
07438.png,gaudi_casa_batllo_barcelona,val,7,source
08663.png,museu_nacional_dart_de_catalunya,test,3,source
09169.png,st_stephen_cathedral_vienna,test,4,source
08272.png,rialto_bridge,val,2,source
08098.png,gaudi_casa_batllo_barcelona,val,7,source
05179_aug_0.png,st_stephen_cathedral_vienna,train,4,source
05892_aug_0.png,rialto_bridge,train,2,source
02119_aug_0.png,st_stephen_cathedral_vienna,train,4,source
02652_aug_0.png,rialto_bridge,train,2,source
04313_aug_0.png,museu_nacional_dart_de_catalunya,train,3,source
03258_aug_0.png,gaudi_casa_batllo_barcelona,train,7,source
02620_aug_0.png,colosseum,train,0,source
07201.png,petronas_towers,val,1,source
02692_aug_0.png,rialto_bridge,train,2,source
06267_aug_0.png,hagia_sophia,train,6,source
09427.png,hagia_sophia,test,6,source
08728.png,gaudi_casa_batllo_barcelona,test,7,source
01433_aug_0.png,museu_nacional_dart_de_catalunya,train,3,source
09850.png,colosseum,test,0,source
04403_aug_0.png,museu_nacional_dart_de_catalunya,train,3,source
05938_aug_0.png,gaudi_casa_batllo_barcelona,train,7,source
06249_aug_0.png,st_stephen_cathedral_vienna,train,4,source
03618_aug_0.png,gaudi_casa_batllo_barcelona,train,7,source
04879_aug_0.png,st_stephen_cathedral_vienna,train,4,source
01853_aug_0.png,museu_nacional_dart_de_catalunya,train,3,source
07287.png,hagia_sophia,val,6,source
07363.png,museu_nacional_dart_de_catalunya,val,3,source
05906_aug_0.png,berlin_cathedral,train,5,source
00020_aug_0.png,colosseum,train,0,source
04809_aug_0.png,st_stephen_cathedral_vienna,train,4,source
06378_aug_0.png,gaudi_casa_batllo_barcelona,train,7,source
05332_aug_0.png,rialto_bridge,train,2,source
09856.png,berlin_cathedral,test,5,source
07837.png,hagia_sophia,val,6,source
08089.png,st_stephen_cathedral_vienna,val,4,source
07522.png,rialto_bridge,val,2,source
06057_aug_0.png,hagia_sophia,train,6,source
07286.png,berlin_cathedral,val,5,source
02127_aug_0.png,hagia_sophia,train,6,source
04487_aug_0.png,hagia_sophia,train,6,source
00686_aug_0.png,berlin_cathedral,train,5,source
02833_aug_0.png,museu_nacional_dart_de_catalunya,train,3,source
03846_aug_0.png,berlin_cathedral,train,5,source
07980.png,colosseum,val,0,source
05757_aug_0.png,hagia_sophia,train,6,source
09550.png,colosseum,test,0,source
03053_aug_0.png,museu_nacional_dart_de_catalunya,train,3,source
08861.png,petronas_towers,test,1,source
05200_aug_0.png,colosseum,train,0,source
01600_aug_0.png,colosseum,train,0,source
09187.png,hagia_sophia,test,6,source
07562.png,rialto_bridge,val,2,source
01173_aug_0.png,museu_nacional_dart_de_catalunya,train,3,source
00562_aug_0.png,rialto_bridge,train,2,source
06733_aug_0.png,museu_nacional_dart_de_catalunya,train,3,source
05827_aug_0.png,hagia_sophia,train,6,source
00987_aug_0.png,hagia_sophia,train,6,source
00179_aug_0.png,st_stephen_cathedral_vienna,train,4,source
02712_aug_0.png,rialto_bridge,train,2,source
02411_aug_0.png,petronas_towers,train,1,source
08153.png,museu_nacional_dart_de_catalunya,val,3,source
02502_aug_0.png,rialto_bridge,train,2,source
03586_aug_0.png,berlin_cathedral,train,5,source
00088_aug_0.png,gaudi_casa_batllo_barcelona,train,7,source
03063_aug_0.png,museu_nacional_dart_de_catalunya,train,3,source
03101_aug_0.png,petronas_towers,train,1,source
09019.png,st_stephen_cathedral_vienna,test,4,source
06229_aug_0.png,st_stephen_cathedral_vienna,train,4,source
06251_aug_0.png,petronas_towers,train,1,source
08860.png,colosseum,test,0,source
02188_aug_0.png,gaudi_casa_batllo_barcelona,train,7,source
09888.png,gaudi_casa_batllo_barcelona,test,7,source
00760_aug_0.png,colosseum,train,0,source
09633.png,museu_nacional_dart_de_catalunya,test,3,source
01066_aug_0.png,berlin_cathedral,train,5,source
07677.png,hagia_sophia,val,6,source
03270_aug_0.png,colosseum,train,0,source
05031_aug_0.png,petronas_towers,train,1,source
07791.png,petronas_towers,val,1,source
06390_aug_0.png,colosseum,train,0,source
03539_aug_0.png,st_stephen_cathedral_vienna,train,4,source
05732_aug_0.png,rialto_bridge,train,2,source
05107_aug_0.png,hagia_sophia,train,6,source
06463_aug_0.png,museu_nacional_dart_de_catalunya,train,3,source
03513_aug_0.png,museu_nacional_dart_de_catalunya,train,3,source
04819_aug_0.png,st_stephen_cathedral_vienna,train,4,source
02973_aug_0.png,museu_nacional_dart_de_catalunya,train,3,source
07687.png,hagia_sophia,val,6,source
04553_aug_0.png,museu_nacional_dart_de_catalunya,train,3,source
04226_aug_0.png,berlin_cathedral,train,5,source
01752_aug_0.png,rialto_bridge,train,2,source
04081_aug_0.png,petronas_towers,train,1,source
09462.png,rialto_bridge,test,2,source
02469_aug_0.png,st_stephen_cathedral_vienna,train,4,source
08158.png,gaudi_casa_batllo_barcelona,val,7,source
07316.png,berlin_cathedral,val,5,source
03102_aug_0.png,rialto_bridge,train,2,source
02539_aug_0.png,st_stephen_cathedral_vienna,train,4,source
04800_aug_0.png,colosseum,train,0,source
07197.png,hagia_sophia,val,6,source
03770_aug_0.png,colosseum,train,0,source
08841.png,petronas_towers,test,1,source
05437_aug_0.png,hagia_sophia,train,6,source
09398.png,gaudi_casa_batllo_barcelona,test,7,source
09268.png,gaudi_casa_batllo_barcelona,test,7,source
00981_aug_0.png,petronas_towers,train,1,source
08459.png,st_stephen_cathedral_vienna,val,4,source
01369_aug_0.png,st_stephen_cathedral_vienna,train,4,source
06167_aug_0.png,hagia_sophia,train,6,source
03083_aug_0.png,museu_nacional_dart_de_catalunya,train,3,source
09803.png,museu_nacional_dart_de_catalunya,test,3,source
02927_aug_0.png,hagia_sophia,train,6,source
03286_aug_0.png,berlin_cathedral,train,5,source
05070_aug_0.png,colosseum,train,0,source
07603.png,museu_nacional_dart_de_catalunya,val,3,source
03703_aug_0.png,museu_nacional_dart_de_catalunya,train,3,source
08662.png,rialto_bridge,test,2,source
02202_aug_0.png,rialto_bridge,train,2,source
05552_aug_0.png,rialto_bridge,train,2,source
06472_aug_0.png,rialto_bridge,train,2,source
04660_aug_0.png,colosseum,train,0,source
08032.png,rialto_bridge,val,2,source
07938.png,gaudi_casa_batllo_barcelona,val,7,source
03732_aug_0.png,rialto_bridge,train,2,source
08796.png,berlin_cathedral,test,5,source
08539.png,st_stephen_cathedral_vienna,test,4,source
08983.png,museu_nacional_dart_de_catalunya,test,3,source
02466_aug_0.png,berlin_cathedral,train,5,source
06136_aug_0.png,berlin_cathedral,train,5,source
01846_aug_0.png,berlin_cathedral,train,5,source
02996_aug_0.png,berlin_cathedral,train,5,source
03200_aug_0.png,colosseum,train,0,source
00100_aug_0.png,colosseum,train,0,source
02648_aug_0.png,gaudi_casa_batllo_barcelona,train,7,source
06936_aug_0.png,berlin_cathedral,train,5,source
00401_aug_0.png,petronas_towers,train,1,source
08528.png,gaudi_casa_batllo_barcelona,test,7,source
09057.png,hagia_sophia,test,6,source
08888.png,gaudi_casa_batllo_barcelona,test,7,source
05923_aug_0.png,museu_nacional_dart_de_catalunya,train,3,source
02050_aug_0.png,colosseum,train,0,source
07106.png,berlin_cathedral,val,5,source
07037.png,hagia_sophia,val,6,source
07198.png,gaudi_casa_batllo_barcelona,val,7,source
08799.png,st_stephen_cathedral_vienna,test,4,source
02330_aug_0.png,colosseum,train,0,source
03303_aug_0.png,museu_nacional_dart_de_catalunya,train,3,source
06442_aug_0.png,rialto_bridge,train,2,source
01742_aug_0.png,rialto_bridge,train,2,source
08071.png,petronas_towers,val,1,source
01728_aug_0.png,gaudi_casa_batllo_barcelona,train,7,source
01400_aug_0.png,colosseum,train,0,source
03130_aug_0.png,colosseum,train,0,source
01278_aug_0.png,gaudi_casa_batllo_barcelona,train,7,source
03729_aug_0.png,st_stephen_cathedral_vienna,train,4,source
09271.png,petronas_towers,test,1,source
03577_aug_0.png,hagia_sophia,train,6,source
06877_aug_0.png,hagia_sophia,train,6,source
08483.png,museu_nacional_dart_de_catalunya,val,3,source
00878_aug_0.png,gaudi_casa_batllo_barcelona,train,7,source
08403.png,museu_nacional_dart_de_catalunya,val,3,source
06123_aug_0.png,museu_nacional_dart_de_catalunya,train,3,source
08240.png,colosseum,val,0,source
07749.png,st_stephen_cathedral_vienna,val,4,source
03809_aug_0.png,st_stephen_cathedral_vienna,train,4,source
06540_aug_0.png,colosseum,train,0,source
07162.png,rialto_bridge,val,2,source
06528_aug_0.png,gaudi_casa_batllo_barcelona,train,7,source
09642.png,rialto_bridge,test,2,source
01139_aug_0.png,st_stephen_cathedral_vienna,train,4,source
03897_aug_0.png,hagia_sophia,train,6,source
00922_aug_0.png,rialto_bridge,train,2,source
05741_aug_0.png,petronas_towers,train,1,source
03978_aug_0.png,gaudi_casa_batllo_barcelona,train,7,source
00632_aug_0.png,rialto_bridge,train,2,source
08437.png,hagia_sophia,val,6,source
09387.png,hagia_sophia,test,6,source
09733.png,museu_nacional_dart_de_catalunya,test,3,source
04076_aug_0.png,berlin_cathedral,train,5,source
01138_aug_0.png,gaudi_casa_batllo_barcelona,train,7,source
06331_aug_0.png,petronas_towers,train,1,source
09739.png,st_stephen_cathedral_vienna,test,4,source
00909_aug_0.png,st_stephen_cathedral_vienna,train,4,source
04563_aug_0.png,museu_nacional_dart_de_catalunya,train,3,source
04276_aug_0.png,berlin_cathedral,train,5,source
04771_aug_0.png,petronas_towers,train,1,source
05409_aug_0.png,st_stephen_cathedral_vienna,train,4,source
05047_aug_0.png,hagia_sophia,train,6,source
01741_aug_0.png,petronas_towers,train,1,source
02869_aug_0.png,st_stephen_cathedral_vienna,train,4,source
00546_aug_0.png,berlin_cathedral,train,5,source
06178_aug_0.png,gaudi_casa_batllo_barcelona,train,7,source
07780.png,colosseum,val,0,source
04309_aug_0.png,st_stephen_cathedral_vienna,train,4,source
03366_aug_0.png,berlin_cathedral,train,5,source
05661_aug_0.png,petronas_towers,train,1,source
07087.png,hagia_sophia,val,6,source
08717.png,hagia_sophia,test,6,source
03397_aug_0.png,hagia_sophia,train,6,source
07846.png,berlin_cathedral,val,5,source
00566_aug_0.png,berlin_cathedral,train,5,source
00109_aug_0.png,st_stephen_cathedral_vienna,train,4,source
02959_aug_0.png,st_stephen_cathedral_vienna,train,4,source
05949_aug_0.png,st_stephen_cathedral_vienna,train,4,source
08339.png,st_stephen_cathedral_vienna,val,4,source
01091_aug_0.png,petronas_towers,train,1,source
00357_aug_0.png,hagia_sophia,train,6,source
08601.png,petronas_towers,test,1,source
06227_aug_0.png,hagia_sophia,train,6,source
00306_aug_0.png,berlin_cathedral,train,5,source
07103.png,museu_nacional_dart_de_catalunya,val,3,source
08713.png,museu_nacional_dart_de_catalunya,test,3,source
07719.png,st_stephen_cathedral_vienna,val,4,source
02316_aug_0.png,berlin_cathedral,train,5,source
09669.png,st_stephen_cathedral_vienna,test,4,source
05050_aug_0.png,colosseum,train,0,source
07012.png,rialto_bridge,val,2,source
01100_aug_0.png,colosseum,train,0,source
04271_aug_0.png,petronas_towers,train,1,source
08997.png,hagia_sophia,test,6,source
04686_aug_0.png,berlin_cathedral,train,5,source
09607.png,hagia_sophia,test,6,source
03388_aug_0.png,gaudi_casa_batllo_barcelona,train,7,source
01689_aug_0.png,st_stephen_cathedral_vienna,train,4,source
01378_aug_0.png,gaudi_casa_batllo_barcelona,train,7,source
01037_aug_0.png,hagia_sophia,train,6,source
08300.png,colosseum,val,0,source
04298_aug_0.png,gaudi_casa_batllo_barcelona,train,7,source
05506_aug_0.png,berlin_cathedral,train,5,source
00610_aug_0.png,colosseum,train,0,source
08940.png,colosseum,test,0,source
06098_aug_0.png,gaudi_casa_batllo_barcelona,train,7,source
09163.png,museu_nacional_dart_de_catalunya,test,3,source
04021_aug_0.png,petronas_towers,train,1,source
08327.png,hagia_sophia,val,6,source
03378_aug_0.png,gaudi_casa_batllo_barcelona,train,7,source
07921.png,petronas_towers,val,1,source
04526_aug_0.png,berlin_cathedral,train,5,source
04153_aug_0.png,museu_nacional_dart_de_catalunya,train,3,source
04642_aug_0.png,rialto_bridge,train,2,source
09372.png,rialto_bridge,test,2,source
06473_aug_0.png,museu_nacional_dart_de_catalunya,train,3,source
09007.png,hagia_sophia,test,6,source
05276_aug_0.png,berlin_cathedral,train,5,source
08026.png,berlin_cathedral,val,5,source
00102_aug_0.png,rialto_bridge,train,2,source
01983_aug_0.png,museu_nacional_dart_de_catalunya,train,3,source
00716_aug_0.png,berlin_cathedral,train,5,source
08213.png,museu_nacional_dart_de_catalunya,val,3,source
04783_aug_0.png,museu_nacional_dart_de_catalunya,train,3,source
06942_aug_0.png,rialto_bridge,train,2,source
00857_aug_0.png,hagia_sophia,train,6,source
05119_aug_0.png,st_stephen_cathedral_vienna,train,4,source
03451_aug_0.png,petronas_towers,train,1,source
02720_aug_0.png,colosseum,train,0,source
07247.png,hagia_sophia,val,6,source
06783_aug_0.png,museu_nacional_dart_de_catalunya,train,3,source
07173.png,museu_nacional_dart_de_catalunya,val,3,source
07041.png,petronas_towers,val,1,source
08230.png,colosseum,val,0,source
07430.png,colosseum,val,0,source
08262.png,rialto_bridge,val,2,source
06158_aug_0.png,gaudi_casa_batllo_barcelona,train,7,source
09470.png,colosseum,test,0,source
02623_aug_0.png,museu_nacional_dart_de_catalunya,train,3,source
07880.png,colosseum,val,0,source
05692_aug_0.png,rialto_bridge,train,2,source
00967_aug_0.png,hagia_sophia,train,6,source
06971_aug_0.png,petronas_towers,train,1,source
03181_aug_0.png,petronas_towers,train,1,source
06860_aug_0.png,colosseum,train,0,source
01299_aug_0.png,st_stephen_cathedral_vienna,train,4,source
09792.png,rialto_bridge,test,2,source
09046.png,berlin_cathedral,test,5,source
01186_aug_0.png,berlin_cathedral,train,5,source
00641_aug_0.png,petronas_towers,train,1,source
07252.png,rialto_bridge,val,2,source
07053.png,museu_nacional_dart_de_catalunya,val,3,source
06941_aug_0.png,petronas_towers,train,1,source
05592_aug_0.png,rialto_bridge,train,2,source
04587_aug_0.png,hagia_sophia,train,6,source
08407.png,hagia_sophia,val,6,source
02819_aug_0.png,st_stephen_cathedral_vienna,train,4,source
09788.png,gaudi_casa_batllo_barcelona,test,7,source
04428_aug_0.png,gaudi_casa_batllo_barcelona,train,7,source
09520.png,colosseum,test,0,source
03537_aug_0.png,hagia_sophia,train,6,source
09962.png,rialto_bridge,test,2,source
00738_aug_0.png,gaudi_casa_batllo_barcelona,train,7,source
03453_aug_0.png,museu_nacional_dart_de_catalunya,train,3,source
09199.png,st_stephen_cathedral_vienna,test,4,source
00846_aug_0.png,berlin_cathedral,train,5,source
05711_aug_0.png,petronas_towers,train,1,source
04617_aug_0.png,hagia_sophia,train,6,source
07167.png,hagia_sophia,val,6,source
04837_aug_0.png,hagia_sophia,train,6,source
08367.png,hagia_sophia,val,6,source
06502_aug_0.png,rialto_bridge,train,2,source
00422_aug_0.png,rialto_bridge,train,2,source
07588.png,gaudi_casa_batllo_barcelona,val,7,source
04781_aug_0.png,petronas_towers,train,1,source
05628_aug_0.png,gaudi_casa_batllo_barcelona,train,7,source
08712.png,rialto_bridge,test,2,source
08451.png,petronas_towers,val,1,source
05852_aug_0.png,rialto_bridge,train,2,source
07746.png,berlin_cathedral,val,5,source
02506_aug_0.png,berlin_cathedral,train,5,source
06767_aug_0.png,hagia_sophia,train,6,source
09952.png,rialto_bridge,test,2,source
06050_aug_0.png,colosseum,train,0,source
07598.png,gaudi_casa_batllo_barcelona,val,7,source
02151_aug_0.png,petronas_towers,train,1,source
09491.png,petronas_towers,test,1,source
04833_aug_0.png,museu_nacional_dart_de_catalunya,train,3,source
02212_aug_0.png,rialto_bridge,train,2,source
06202_aug_0.png,rialto_bridge,train,2,source
09671.png,petronas_towers,test,1,source
06396_aug_0.png,berlin_cathedral,train,5,source
02179_aug_0.png,st_stephen_cathedral_vienna,train,4,source
00362_aug_0.png,rialto_bridge,train,2,source
08050.png,colosseum,val,0,source
09760.png,colosseum,test,0,source
05480_aug_0.png,colosseum,train,0,source
07853.png,museu_nacional_dart_de_catalunya,val,3,source
08157.png,hagia_sophia,val,6,source
08889.png,st_stephen_cathedral_vienna,test,4,source
07966.png,berlin_cathedral,val,5,source
00831_aug_0.png,petronas_towers,train,1,source
07140.png,colosseum,val,0,source
08808.png,gaudi_casa_batllo_barcelona,test,7,source
03351_aug_0.png,petronas_towers,train,1,source
03950_aug_0.png,colosseum,train,0,source
07279.png,st_stephen_cathedral_vienna,val,4,source
00883_aug_0.png,museu_nacional_dart_de_catalunya,train,3,source
06639_aug_0.png,st_stephen_cathedral_vienna,train,4,source
04123_aug_0.png,museu_nacional_dart_de_catalunya,train,3,source
02699_aug_0.png,st_stephen_cathedral_vienna,train,4,source
03758_aug_0.png,gaudi_casa_batllo_barcelona,train,7,source
05192_aug_0.png,rialto_bridge,train,2,source
01430_aug_0.png,colosseum,train,0,source
03548_aug_0.png,gaudi_casa_batllo_barcelona,train,7,source
04407_aug_0.png,hagia_sophia,train,6,source
04163_aug_0.png,museu_nacional_dart_de_catalunya,train,3,source
01903_aug_0.png,museu_nacional_dart_de_catalunya,train,3,source
06712_aug_0.png,rialto_bridge,train,2,source
07841.png,petronas_towers,val,1,source
06019_aug_0.png,st_stephen_cathedral_vienna,train,4,source
05378_aug_0.png,gaudi_casa_batllo_barcelona,train,7,source
00759_aug_0.png,st_stephen_cathedral_vienna,train,4,source
07061.png,petronas_towers,val,1,source
00047_aug_0.png,hagia_sophia,train,6,source
05170_aug_0.png,colosseum,train,0,source
05541_aug_0.png,petronas_towers,train,1,source
08373.png,museu_nacional_dart_de_catalunya,val,3,source
09029.png,st_stephen_cathedral_vienna,test,4,source
02527_aug_0.png,hagia_sophia,train,6,source
05953_aug_0.png,museu_nacional_dart_de_catalunya,train,3,source
09920.png,colosseum,test,0,source
06913_aug_0.png,museu_nacional_dart_de_catalunya,train,3,source
06330_aug_0.png,colosseum,train,0,source
03740_aug_0.png,colosseum,train,0,source
03711_aug_0.png,petronas_towers,train,1,source
01032_aug_0.png,rialto_bridge,train,2,source
08649.png,st_stephen_cathedral_vienna,test,4,source
03806_aug_0.png,berlin_cathedral,train,5,source
01196_aug_0.png,berlin_cathedral,train,5,source
00793_aug_0.png,museu_nacional_dart_de_catalunya,train,3,source
08470.png,colosseum,val,0,source
09808.png,gaudi_casa_batllo_barcelona,test,7,source
05603_aug_0.png,museu_nacional_dart_de_catalunya,train,3,source
05681_aug_0.png,petronas_towers,train,1,source
05909_aug_0.png,st_stephen_cathedral_vienna,train,4,source
00811_aug_0.png,petronas_towers,train,1,source
00898_aug_0.png,gaudi_casa_batllo_barcelona,train,7,source
00437_aug_0.png,hagia_sophia,train,6,source
03297_aug_0.png,hagia_sophia,train,6,source
06162_aug_0.png,rialto_bridge,train,2,source
02193_aug_0.png,museu_nacional_dart_de_catalunya,train,3,source
03966_aug_0.png,berlin_cathedral,train,5,source
02628_aug_0.png,gaudi_casa_batllo_barcelona,train,7,source
02678_aug_0.png,gaudi_casa_batllo_barcelona,train,7,source
03206_aug_0.png,berlin_cathedral,train,5,source
07152.png,rialto_bridge,val,2,source
01943_aug_0.png,museu_nacional_dart_de_catalunya,train,3,source
08696.png,berlin_cathedral,test,5,source
08361.png,petronas_towers,val,1,source
08076.png,berlin_cathedral,val,5,source
01777_aug_0.png,hagia_sophia,train,6,source
07383.png,museu_nacional_dart_de_catalunya,val,3,source
07820.png,colosseum,val,0,source
08496.png,berlin_cathedral,val,5,source
04558_aug_0.png,gaudi_casa_batllo_barcelona,train,7,source
05177_aug_0.png,hagia_sophia,train,6,source
00822_aug_0.png,rialto_bridge,train,2,source
07118.png,gaudi_casa_batllo_barcelona,val,7,source
04023_aug_0.png,museu_nacional_dart_de_catalunya,train,3,source
09397.png,hagia_sophia,test,6,source
05921_aug_0.png,petronas_towers,train,1,source
01099_aug_0.png,st_stephen_cathedral_vienna,train,4,source
06848_aug_0.png,gaudi_casa_batllo_barcelona,train,7,source
06410_aug_0.png,colosseum,train,0,source
08028.png,gaudi_casa_batllo_barcelona,val,7,source
04421_aug_0.png,petronas_towers,train,1,source
00522_aug_0.png,rialto_bridge,train,2,source
05368_aug_0.png,gaudi_casa_batllo_barcelona,train,7,source
06552_aug_0.png,rialto_bridge,train,2,source
07789.png,st_stephen_cathedral_vienna,val,4,source
03390_aug_0.png,colosseum,train,0,source
08591.png,petronas_towers,test,1,source
06233_aug_0.png,museu_nacional_dart_de_catalunya,train,3,source
01638_aug_0.png,gaudi_casa_batllo_barcelona,train,7,source
04522_aug_0.png,rialto_bridge,train,2,source
07416.png,berlin_cathedral,val,5,source
09201.png,petronas_towers,test,1,source
06698_aug_0.png,gaudi_casa_batllo_barcelona,train,7,source
04588_aug_0.png,gaudi_casa_batllo_barcelona,train,7,source
05893_aug_0.png,museu_nacional_dart_de_catalunya,train,3,source
03268_aug_0.png,gaudi_casa_batllo_barcelona,train,7,source
07091.png,petronas_towers,val,1,source
09389.png,st_stephen_cathedral_vienna,test,4,source
09381.png,petronas_towers,test,1,source
03602_aug_0.png,rialto_bridge,train,2,source
03903_aug_0.png,museu_nacional_dart_de_catalunya,train,3,source
06522_aug_0.png,rialto_bridge,train,2,source
03890_aug_0.png,colosseum,train,0,source
07612.png,rialto_bridge,val,2,source
04360_aug_0.png,colosseum,train,0,source
09761.png,petronas_towers,test,1,source
08858.png,gaudi_casa_batllo_barcelona,test,7,source
01268_aug_0.png,gaudi_casa_batllo_barcelona,train,7,source
04328_aug_0.png,gaudi_casa_batllo_barcelona,train,7,source
09871.png,petronas_towers,test,1,source
09178.png,gaudi_casa_batllo_barcelona,test,7,source
02361_aug_0.png,petronas_towers,train,1,source
06543_aug_0.png,museu_nacional_dart_de_catalunya,train,3,source
02741_aug_0.png,petronas_towers,train,1,source
09189.png,st_stephen_cathedral_vienna,test,4,source
09600.png,colosseum,test,0,source
08919.png,st_stephen_cathedral_vienna,test,4,source
08198.png,gaudi_casa_batllo_barcelona,val,7,source
00510_aug_0.png,colosseum,train,0,source
07378.png,gaudi_casa_batllo_barcelona,val,7,source
08263.png,museu_nacional_dart_de_catalunya,val,3,source
07986.png,berlin_cathedral,val,5,source
04517_aug_0.png,hagia_sophia,train,6,source
03211_aug_0.png,petronas_towers,train,1,source
02197_aug_0.png,hagia_sophia,train,6,source
04007_aug_0.png,hagia_sophia,train,6,source
09709.png,st_stephen_cathedral_vienna,test,4,source
04696_aug_0.png,berlin_cathedral,train,5,source
02779_aug_0.png,st_stephen_cathedral_vienna,train,4,source
07367.png,hagia_sophia,val,6,source
03673_aug_0.png,museu_nacional_dart_de_catalunya,train,3,source
04378_aug_0.png,gaudi_casa_batllo_barcelona,train,7,source
05091_aug_0.png,petronas_towers,train,1,source
08360.png,colosseum,val,0,source
09022.png,rialto_bridge,test,2,source
01508_aug_0.png,gaudi_casa_batllo_barcelona,train,7,source
03311_aug_0.png,petronas_towers,train,1,source
09479.png,st_stephen_cathedral_vienna,test,4,source
07701.png,petronas_towers,val,1,source
08746.png,berlin_cathedral,test,5,source
04001_aug_0.png,petronas_towers,train,1,source
05162_aug_0.png,rialto_bridge,train,2,source
03262_aug_0.png,rialto_bridge,train,2,source
07336.png,berlin_cathedral,val,5,source
05000_aug_0.png,colosseum,train,0,source
09219.png,st_stephen_cathedral_vienna,test,4,source
01817_aug_0.png,hagia_sophia,train,6,source
09860.png,colosseum,test,0,source
08842.png,rialto_bridge,test,2,source
05999_aug_0.png,st_stephen_cathedral_vienna,train,4,source
05020_aug_0.png,colosseum,train,0,source
03992_aug_0.png,rialto_bridge,train,2,source
01428_aug_0.png,gaudi_casa_batllo_barcelona,train,7,source
01723_aug_0.png,museu_nacional_dart_de_catalunya,train,3,source
01018_aug_0.png,gaudi_casa_batllo_barcelona,train,7,source
07869.png,st_stephen_cathedral_vienna,val,4,source
06483_aug_0.png,museu_nacional_dart_de_catalunya,train,3,source
07721.png,petronas_towers,val,1,source
07960.png,colosseum,val,0,source
09732.png,rialto_bridge,test,2,source
07120.png,colosseum,val,0,source
00997_aug_0.png,hagia_sophia,train,6,source
09122.png,rialto_bridge,test,2,source
04312_aug_0.png,rialto_bridge,train,2,source
04027_aug_0.png,hagia_sophia,train,6,source
04906_aug_0.png,berlin_cathedral,train,5,source
08248.png,gaudi_casa_batllo_barcelona,val,7,source
09779.png,st_stephen_cathedral_vienna,test,4,source
04752_aug_0.png,rialto_bridge,train,2,source
02571_aug_0.png,petronas_towers,train,1,source
07359.png,st_stephen_cathedral_vienna,val,4,source
07218.png,gaudi_casa_batllo_barcelona,val,7,source
06516_aug_0.png,berlin_cathedral,train,5,source
00358_aug_0.png,gaudi_casa_batllo_barcelona,train,7,source
07267.png,hagia_sophia,val,6,source
07448.png,gaudi_casa_batllo_barcelona,val,7,source
05581_aug_0.png,petronas_towers,train,1,source
01622_aug_0.png,rialto_bridge,train,2,source
08013.png,museu_nacional_dart_de_catalunya,val,3,source
05150_aug_0.png,colosseum,train,0,source
00111_aug_0.png,petronas_towers,train,1,source
03041_aug_0.png,petronas_towers,train,1,source
07380.png,colosseum,val,0,source
06139_aug_0.png,st_stephen_cathedral_vienna,train,4,source
07877.png,hagia_sophia,val,6,source
03300_aug_0.png,colosseum,train,0,source
05847_aug_0.png,hagia_sophia,train,6,source
04179_aug_0.png,st_stephen_cathedral_vienna,train,4,source
07987.png,hagia_sophia,val,6,source
03722_aug_0.png,rialto_bridge,train,2,source
03340_aug_0.png,colosseum,train,0,source
03046_aug_0.png,berlin_cathedral,train,5,source
07758.png,gaudi_casa_batllo_barcelona,val,7,source
09938.png,gaudi_casa_batllo_barcelona,test,7,source
09883.png,museu_nacional_dart_de_catalunya,test,3,source
07362.png,rialto_bridge,val,2,source
06306_aug_0.png,berlin_cathedral,train,5,source
05600_aug_0.png,colosseum,train,0,source
07240.png,colosseum,val,0,source
06789_aug_0.png,st_stephen_cathedral_vienna,train,4,source
05096_aug_0.png,berlin_cathedral,train,5,source
05738_aug_0.png,gaudi_casa_batllo_barcelona,train,7,source
09877.png,hagia_sophia,test,6,source
06580_aug_0.png,colosseum,train,0,source
03998_aug_0.png,gaudi_casa_batllo_barcelona,train,7,source
08337.png,hagia_sophia,val,6,source
07600.png,colosseum,val,0,source
09912.png,rialto_bridge,test,2,source
04596_aug_0.png,berlin_cathedral,train,5,source
00466_aug_0.png,berlin_cathedral,train,5,source
00387_aug_0.png,hagia_sophia,train,6,source
07858.png,gaudi_casa_batllo_barcelona,val,7,source
08572.png,rialto_bridge,test,2,source
08388.png,gaudi_casa_batllo_barcelona,val,7,source
00500_aug_0.png,colosseum,train,0,source
08786.png,berlin_cathedral,test,5,source
09556.png,berlin_cathedral,test,5,source
09573.png,museu_nacional_dart_de_catalunya,test,3,source
06456_aug_0.png,berlin_cathedral,train,5,source
02369_aug_0.png,st_stephen_cathedral_vienna,train,4,source
03833_aug_0.png,museu_nacional_dart_de_catalunya,train,3,source
05042_aug_0.png,rialto_bridge,train,2,source
09190.png,colosseum,test,0,source
01337_aug_0.png,hagia_sophia,train,6,source
01247_aug_0.png,hagia_sophia,train,6,source
07708.png,gaudi_casa_batllo_barcelona,val,7,source
00378_aug_0.png,gaudi_casa_batllo_barcelona,train,7,source
08348.png,gaudi_casa_batllo_barcelona,val,7,source
04830_aug_0.png,colosseum,train,0,source
07733.png,museu_nacional_dart_de_catalunya,val,3,source
08903.png,museu_nacional_dart_de_catalunya,test,3,source
04993_aug_0.png,museu_nacional_dart_de_catalunya,train,3,source
09546.png,berlin_cathedral,test,5,source
09449.png,st_stephen_cathedral_vienna,test,4,source
09137.png,hagia_sophia,test,6,source
09277.png,hagia_sophia,test,6,source
09259.png,st_stephen_cathedral_vienna,test,4,source
02253_aug_0.png,museu_nacional_dart_de_catalunya,train,3,source
08169.png,st_stephen_cathedral_vienna,val,4,source
03097_aug_0.png,hagia_sophia,train,6,source
00083_aug_0.png,museu_nacional_dart_de_catalunya,train,3,source
07547.png,hagia_sophia,val,6,source
07829.png,st_stephen_cathedral_vienna,val,4,source
07237.png,hagia_sophia,val,6,source
09773.png,museu_nacional_dart_de_catalunya,test,3,source
07757.png,hagia_sophia,val,6,source
07892.png,rialto_bridge,val,2,source
09073.png,museu_nacional_dart_de_catalunya,test,3,source
05551_aug_0.png,petronas_towers,train,1,source
03907_aug_0.png,hagia_sophia,train,6,source
07499.png,st_stephen_cathedral_vienna,val,4,source
08277.png,hagia_sophia,val,6,source
05841_aug_0.png,petronas_towers,train,1,source
09696.png,berlin_cathedral,test,5,source
01132_aug_0.png,rialto_bridge,train,2,source
07973.png,museu_nacional_dart_de_catalunya,val,3,source
08332.png,rialto_bridge,val,2,source
07821.png,petronas_towers,val,1,source
05363_aug_0.png,museu_nacional_dart_de_catalunya,train,3,source
04938_aug_0.png,gaudi_casa_batllo_barcelona,train,7,source
06656_aug_0.png,berlin_cathedral,train,5,source
06568_aug_0.png,gaudi_casa_batllo_barcelona,train,7,source
00396_aug_0.png,berlin_cathedral,train,5,source
03516_aug_0.png,berlin_cathedral,train,5,source
09390.png,colosseum,test,0,source
08831.png,petronas_towers,test,1,source
09538.png,gaudi_casa_batllo_barcelona,test,7,source
02001_aug_0.png,petronas_towers,train,1,source
06499_aug_0.png,st_stephen_cathedral_vienna,train,4,source
09371.png,petronas_towers,test,1,source
04197_aug_0.png,hagia_sophia,train,6,source
08001.png,petronas_towers,val,1,source
06422_aug_0.png,rialto_bridge,train,2,source
09528.png,gaudi_casa_batllo_barcelona,test,7,source
09587.png,hagia_sophia,test,6,source
04776_aug_0.png,berlin_cathedral,train,5,source
03751_aug_0.png,petronas_towers,train,1,source
03668_aug_0.png,gaudi_casa_batllo_barcelona,train,7,source
07816.png,berlin_cathedral,val,5,source
02167_aug_0.png,hagia_sophia,train,6,source
09467.png,hagia_sophia,test,6,source
00979_aug_0.png,st_stephen_cathedral_vienna,train,4,source
09702.png,rialto_bridge,test,2,source
00239_aug_0.png,st_stephen_cathedral_vienna,train,4,source
00212_aug_0.png,rialto_bridge,train,2,source
03742_aug_0.png,rialto_bridge,train,2,source
03003_aug_0.png,museu_nacional_dart_de_catalunya,train,3,source
08749.png,st_stephen_cathedral_vienna,test,4,source
09636.png,berlin_cathedral,test,5,source
09043.png,museu_nacional_dart_de_catalunya,test,3,source
00518_aug_0.png,gaudi_casa_batllo_barcelona,train,7,source
04692_aug_0.png,rialto_bridge,train,2,source
06819_aug_0.png,st_stephen_cathedral_vienna,train,4,source
09509.png,st_stephen_cathedral_vienna,test,4,source
04367_aug_0.png,hagia_sophia,train,6,source
03202_aug_0.png,rialto_bridge,train,2,source
00479_aug_0.png,st_stephen_cathedral_vienna,train,4,source
09158.png,gaudi_casa_batllo_barcelona,test,7,source
01733_aug_0.png,museu_nacional_dart_de_catalunya,train,3,source
02960_aug_0.png,colosseum,train,0,source
08958.png,gaudi_casa_batllo_barcelona,test,7,source
07658.png,gaudi_casa_batllo_barcelona,val,7,source
06803_aug_0.png,museu_nacional_dart_de_catalunya,train,3,source
06062_aug_0.png,rialto_bridge,train,2,source
05843_aug_0.png,museu_nacional_dart_de_catalunya,train,3,source
09329.png,st_stephen_cathedral_vienna,test,4,source
00456_aug_0.png,berlin_cathedral,train,5,source
05277_aug_0.png,hagia_sophia,train,6,source
04419_aug_0.png,st_stephen_cathedral_vienna,train,4,source
09571.png,petronas_towers,test,1,source
02892_aug_0.png,rialto_bridge,train,2,source
07807.png,hagia_sophia,val,6,source
00407_aug_0.png,hagia_sophia,train,6,source
04710_aug_0.png,colosseum,train,0,source
01556_aug_0.png,berlin_cathedral,train,5,source
09339.png,st_stephen_cathedral_vienna,test,4,source
01902_aug_0.png,rialto_bridge,train,2,source
00702_aug_0.png,rialto_bridge,train,2,source
00748_aug_0.png,gaudi_casa_batllo_barcelona,train,7,source
08338.png,gaudi_casa_batllo_barcelona,val,7,source
03546_aug_0.png,berlin_cathedral,train,5,source
04951_aug_0.png,petronas_towers,train,1,source
00252_aug_0.png,rialto_bridge,train,2,source
06869_aug_0.png,st_stephen_cathedral_vienna,train,4,source
01966_aug_0.png,berlin_cathedral,train,5,source
09880.png,colosseum,test,0,source
08359.png,st_stephen_cathedral_vienna,val,4,source
07101.png,petronas_towers,val,1,source
08656.png,berlin_cathedral,test,5,source
02143_aug_0.png,museu_nacional_dart_de_catalunya,train,3,source
07766.png,berlin_cathedral,val,5,source
01338_aug_0.png,gaudi_casa_batllo_barcelona,train,7,source
07340.png,colosseum,val,0,source
05282_aug_0.png,rialto_bridge,train,2,source
00061_aug_0.png,petronas_towers,train,1,source
08216.png,berlin_cathedral,val,5,source
01879_aug_0.png,st_stephen_cathedral_vienna,train,4,source
02381_aug_0.png,petronas_towers,train,1,source
03138_aug_0.png,gaudi_casa_batllo_barcelona,train,7,source
01280_aug_0.png,colosseum,train,0,source
03828_aug_0.png,gaudi_casa_batllo_barcelona,train,7,source
08753.png,museu_nacional_dart_de_catalunya,test,3,source
05631_aug_0.png,petronas_towers,train,1,source
08350.png,colosseum,val,0,source
07083.png,museu_nacional_dart_de_catalunya,val,3,source
01661_aug_0.png,petronas_towers,train,1,source
07203.png,museu_nacional_dart_de_catalunya,val,3,source
00099_aug_0.png,st_stephen_cathedral_vienna,train,4,source
08323.png,museu_nacional_dart_de_catalunya,val,3,source
02412_aug_0.png,rialto_bridge,train,2,source
04560_aug_0.png,colosseum,train,0,source
01657_aug_0.png,hagia_sophia,train,6,source
09560.png,colosseum,test,0,source
09453.png,museu_nacional_dart_de_catalunya,test,3,source
05206_aug_0.png,berlin_cathedral,train,5,source
02653_aug_0.png,museu_nacional_dart_de_catalunya,train,3,source
06056_aug_0.png,berlin_cathedral,train,5,source
09021.png,petronas_towers,test,1,source
06072_aug_0.png,rialto_bridge,train,2,source
03977_aug_0.png,hagia_sophia,train,6,source
07462.png,rialto_bridge,val,2,source
05563_aug_0.png,museu_nacional_dart_de_catalunya,train,3,source
08429.png,st_stephen_cathedral_vienna,val,4,source
09166.png,berlin_cathedral,test,5,source
01919_aug_0.png,st_stephen_cathedral_vienna,train,4,source
06761_aug_0.png,petronas_towers,train,1,source
09688.png,gaudi_casa_batllo_barcelona,test,7,source
05671_aug_0.png,petronas_towers,train,1,source
03857_aug_0.png,hagia_sophia,train,6,source
07308.png,gaudi_casa_batllo_barcelona,val,7,source
07680.png,colosseum,val,0,source
05493_aug_0.png,museu_nacional_dart_de_catalunya,train,3,source
01907_aug_0.png,hagia_sophia,train,6,source
00436_aug_0.png,berlin_cathedral,train,5,source
05641_aug_0.png,petronas_towers,train,1,source
00132_aug_0.png,rialto_bridge,train,2,source
08396.png,berlin_cathedral,val,5,source
08877.png,hagia_sophia,test,6,source
07352.png,rialto_bridge,val,2,source
04127_aug_0.png,hagia_sophia,train,6,source
02232_aug_0.png,rialto_bridge,train,2,source
05068_aug_0.png,gaudi_casa_batllo_barcelona,train,7,source
01049_aug_0.png,st_stephen_cathedral_vienna,train,4,source
09380.png,colosseum,test,0,source
06012_aug_0.png,rialto_bridge,train,2,source
05013_aug_0.png,museu_nacional_dart_de_catalunya,train,3,source
09992.png,rialto_bridge,test,2,source
03177_aug_0.png,hagia_sophia,train,6,source
08000.png,colosseum,val,0,source
05746_aug_0.png,berlin_cathedral,train,5,source
07957.png,hagia_sophia,val,6,source
07577.png,hagia_sophia,val,6,source
00722_aug_0.png,rialto_bridge,train,2,source
05622_aug_0.png,rialto_bridge,train,2,source
06160_aug_0.png,colosseum,train,0,source
02357_aug_0.png,hagia_sophia,train,6,source
07433.png,museu_nacional_dart_de_catalunya,val,3,source
03639_aug_0.png,st_stephen_cathedral_vienna,train,4,source
03019_aug_0.png,st_stephen_cathedral_vienna,train,4,source
02810_aug_0.png,colosseum,train,0,source
07942.png,rialto_bridge,val,2,source
01137_aug_0.png,hagia_sophia,train,6,source
02397_aug_0.png,hagia_sophia,train,6,source
02267_aug_0.png,hagia_sophia,train,6,source
04497_aug_0.png,hagia_sophia,train,6,source
03283_aug_0.png,museu_nacional_dart_de_catalunya,train,3,source
07912.png,rialto_bridge,val,2,source
08160.png,colosseum,val,0,source
00693_aug_0.png,museu_nacional_dart_de_catalunya,train,3,source
05522_aug_0.png,rialto_bridge,train,2,source
09112.png,rialto_bridge,test,2,source
02209_aug_0.png,st_stephen_cathedral_vienna,train,4,source
08446.png,berlin_cathedral,val,5,source
07331.png,petronas_towers,val,1,source
00946_aug_0.png,berlin_cathedral,train,5,source
08892.png,rialto_bridge,test,2,source
08581.png,petronas_towers,test,1,source
07079.png,st_stephen_cathedral_vienna,val,4,source
02748_aug_0.png,gaudi_casa_batllo_barcelona,train,7,source
01550_aug_0.png,colosseum,train,0,source
07656.png,berlin_cathedral,val,5,source
03159_aug_0.png,st_stephen_cathedral_vienna,train,4,source
08370.png,colosseum,val,0,source
02882_aug_0.png,rialto_bridge,train,2,source
07959.png,st_stephen_cathedral_vienna,val,4,source
07496.png,berlin_cathedral,val,5,source
06088_aug_0.png,gaudi_casa_batllo_barcelona,train,7,source
02936_aug_0.png,berlin_cathedral,train,5,source
02700_aug_0.png,colosseum,train,0,source
09711.png,petronas_towers,test,1,source
03189_aug_0.png,st_stephen_cathedral_vienna,train,4,source
08328.png,gaudi_casa_batllo_barcelona,val,7,source
09377.png,hagia_sophia,test,6,source
07601.png,petronas_towers,val,1,source
08489.png,st_stephen_cathedral_vienna,val,4,source
02999_aug_0.png,st_stephen_cathedral_vienna,train,4,source
04690_aug_0.png,colosseum,train,0,source
00103_aug_0.png,museu_nacional_dart_de_catalunya,train,3,source
08678.png,gaudi_casa_batllo_barcelona,test,7,source
05237_aug_0.png,hagia_sophia,train,6,source
00127_aug_0.png,hagia_sophia,train,6,source
04983_aug_0.png,museu_nacional_dart_de_catalunya,train,3,source
08776.png,berlin_cathedral,test,5,source
09363.png,museu_nacional_dart_de_catalunya,test,3,source
03282_aug_0.png,rialto_bridge,train,2,source
02437_aug_0.png,hagia_sophia,train,6,source
02460_aug_0.png,colosseum,train,0,source
00071_aug_0.png,petronas_towers,train,1,source
00051_aug_0.png,petronas_towers,train,1,source
07882.png,rialto_bridge,val,2,source
09820.png,colosseum,test,0,source
03818_aug_0.png,gaudi_casa_batllo_barcelona,train,7,source
05882_aug_0.png,rialto_bridge,train,2,source
08190.png,colosseum,val,0,source
02938_aug_0.png,gaudi_casa_batllo_barcelona,train,7,source
01760_aug_0.png,colosseum,train,0,source
01252_aug_0.png,rialto_bridge,train,2,source
09459.png,st_stephen_cathedral_vienna,test,4,source
05141_aug_0.png,petronas_towers,train,1,source
08582.png,rialto_bridge,test,2,source
05576_aug_0.png,berlin_cathedral,train,5,source
05618_aug_0.png,gaudi_casa_batllo_barcelona,train,7,source
07016.png,berlin_cathedral,val,5,source
09653.png,museu_nacional_dart_de_catalunya,test,3,source
02908_aug_0.png,gaudi_casa_batllo_barcelona,train,7,source
07183.png,museu_nacional_dart_de_catalunya,val,3,source
07803.png,museu_nacional_dart_de_catalunya,val,3,source
00577_aug_0.png,hagia_sophia,train,6,source
06887_aug_0.png,hagia_sophia,train,6,source
01271_aug_0.png,petronas_towers,train,1,source
08807.png,hagia_sophia,test,6,source
04702_aug_0.png,rialto_bridge,train,2,source
04913_aug_0.png,museu_nacional_dart_de_catalunya,train,3,source
03108_aug_0.png,gaudi_casa_batllo_barcelona,train,7,source
07258.png,gaudi_casa_batllo_barcelona,val,7,source
03599_aug_0.png,st_stephen_cathedral_vienna,train,4,source
09463.png,museu_nacional_dart_de_catalunya,test,3,source
01318_aug_0.png,gaudi_casa_batllo_barcelona,train,7,source
00956_aug_0.png,berlin_cathedral,train,5,source
00397_aug_0.png,hagia_sophia,train,6,source
06367_aug_0.png,hagia_sophia,train,6,source
03383_aug_0.png,museu_nacional_dart_de_catalunya,train,3,source
08641.png,petronas_towers,test,1,source
09308.png,gaudi_casa_batllo_barcelona,test,7,source
06116_aug_0.png,berlin_cathedral,train,5,source
01067_aug_0.png,hagia_sophia,train,6,source
06770_aug_0.png,colosseum,train,0,source
08291.png,petronas_towers,val,1,source
03479_aug_0.png,st_stephen_cathedral_vienna,train,4,source
02169_aug_0.png,st_stephen_cathedral_vienna,train,4,source
09280.png,colosseum,test,0,source
05273_aug_0.png,museu_nacional_dart_de_catalunya,train,3,source
09746.png,berlin_cathedral,test,5,source
03528_aug_0.png,gaudi_casa_batllo_barcelona,train,7,source
01399_aug_0.png,st_stephen_cathedral_vienna,train,4,source
00950_aug_0.png,colosseum,train,0,source
08178.png,gaudi_casa_batllo_barcelona,val,7,source
01143_aug_0.png,museu_nacional_dart_de_catalunya,train,3,source
04009_aug_0.png,st_stephen_cathedral_vienna,train,4,source
00028_aug_0.png,gaudi_casa_batllo_barcelona,train,7,source
04937_aug_0.png,hagia_sophia,train,6,source
01013_aug_0.png,museu_nacional_dart_de_catalunya,train,3,source
08376.png,berlin_cathedral,val,5,source
01839_aug_0.png,st_stephen_cathedral_vienna,train,4,source
06371_aug_0.png,petronas_towers,train,1,source
02963_aug_0.png,museu_nacional_dart_de_catalunya,train,3,source
03708_aug_0.png,gaudi_casa_batllo_barcelona,train,7,source
01093_aug_0.png,museu_nacional_dart_de_catalunya,train,3,source
08410.png,colosseum,val,0,source
09388.png,gaudi_casa_batllo_barcelona,test,7,source
05780_aug_0.png,colosseum,train,0,source
01349_aug_0.png,st_stephen_cathedral_vienna,train,4,source
03292_aug_0.png,rialto_bridge,train,2,source
06006_aug_0.png,berlin_cathedral,train,5,source
02356_aug_0.png,berlin_cathedral,train,5,source
01963_aug_0.png,museu_nacional_dart_de_catalunya,train,3,source
09842.png,rialto_bridge,test,2,source
09843.png,museu_nacional_dart_de_catalunya,test,3,source
04980_aug_0.png,colosseum,train,0,source
04061_aug_0.png,petronas_towers,train,1,source
09412.png,rialto_bridge,test,2,source
08182.png,rialto_bridge,val,2,source
04633_aug_0.png,museu_nacional_dart_de_catalunya,train,3,source
08038.png,gaudi_casa_batllo_barcelona,val,7,source
01019_aug_0.png,st_stephen_cathedral_vienna,train,4,source
09818.png,gaudi_casa_batllo_barcelona,test,7,source
04022_aug_0.png,rialto_bridge,train,2,source
08259.png,st_stephen_cathedral_vienna,val,4,source
05982_aug_0.png,rialto_bridge,train,2,source
03633_aug_0.png,museu_nacional_dart_de_catalunya,train,3,source
07991.png,petronas_towers,val,1,source
09483.png,museu_nacional_dart_de_catalunya,test,3,source
08072.png,rialto_bridge,val,2,source
07217.png,hagia_sophia,val,6,source
04632_aug_0.png,rialto_bridge,train,2,source
05216_aug_0.png,berlin_cathedral,train,5,source
03560_aug_0.png,colosseum,train,0,source
08752.png,rialto_bridge,test,2,source
09523.png,museu_nacional_dart_de_catalunya,test,3,source
05243_aug_0.png,museu_nacional_dart_de_catalunya,train,3,source
08192.png,rialto_bridge,val,2,source
06421_aug_0.png,petronas_towers,train,1,source
08130.png,colosseum,val,0,source
05853_aug_0.png,museu_nacional_dart_de_catalunya,train,3,source
06771_aug_0.png,petronas_towers,train,1,source
08899.png,st_stephen_cathedral_vienna,test,4,source
07310.png,colosseum,val,0,source
02942_aug_0.png,rialto_bridge,train,2,source
09411.png,petronas_towers,test,1,source
07397.png,hagia_sophia,val,6,source
02409_aug_0.png,st_stephen_cathedral_vienna,train,4,source
09541.png,petronas_towers,test,1,source
08156.png,berlin_cathedral,val,5,source
09627.png,hagia_sophia,test,6,source
07253.png,museu_nacional_dart_de_catalunya,val,3,source
05223_aug_0.png,museu_nacional_dart_de_catalunya,train,3,source
05143_aug_0.png,museu_nacional_dart_de_catalunya,train,3,source
03396_aug_0.png,berlin_cathedral,train,5,source
06873_aug_0.png,museu_nacional_dart_de_catalunya,train,3,source
04691_aug_0.png,petronas_towers,train,1,source
03040_aug_0.png,colosseum,train,0,source
09279.png,st_stephen_cathedral_vienna,test,4,source
06929_aug_0.png,st_stephen_cathedral_vienna,train,4,source
09596.png,berlin_cathedral,test,5,source
06282_aug_0.png,rialto_bridge,train,2,source
00196_aug_0.png,berlin_cathedral,train,5,source
05682_aug_0.png,rialto_bridge,train,2,source
08707.png,hagia_sophia,test,6,source
03678_aug_0.png,gaudi_casa_batllo_barcelona,train,7,source
06670_aug_0.png,colosseum,train,0,source
02090_aug_0.png,colosseum,train,0,source
05399_aug_0.png,st_stephen_cathedral_vienna,train,4,source
04831_aug_0.png,petronas_towers,train,1,source
03799_aug_0.png,st_stephen_cathedral_vienna,train,4,source
09191.png,petronas_towers,test,1,source
07318.png,gaudi_casa_batllo_barcelona,val,7,source
02332_aug_0.png,rialto_bridge,train,2,source
09649.png,st_stephen_cathedral_vienna,test,4,source
09143.png,museu_nacional_dart_de_catalunya,test,3,source
03371_aug_0.png,petronas_towers,train,1,source
07057.png,hagia_sophia,val,6,source
06481_aug_0.png,petronas_towers,train,1,source
00543_aug_0.png,museu_nacional_dart_de_catalunya,train,3,source
07107.png,hagia_sophia,val,6,source
05347_aug_0.png,hagia_sophia,train,6,source
09358.png,gaudi_casa_batllo_barcelona,test,7,source
08206.png,berlin_cathedral,val,5,source
03850_aug_0.png,colosseum,train,0,source
00331_aug_0.png,petronas_towers,train,1,source
00541_aug_0.png,petronas_towers,train,1,source
05591_aug_0.png,petronas_towers,train,1,source
01797_aug_0.png,hagia_sophia,train,6,source
06882_aug_0.png,rialto_bridge,train,2,source
07563.png,museu_nacional_dart_de_catalunya,val,3,source
01827_aug_0.png,hagia_sophia,train,6,source
00072_aug_0.png,rialto_bridge,train,2,source
04667_aug_0.png,hagia_sophia,train,6,source
08993.png,museu_nacional_dart_de_catalunya,test,3,source
08406.png,berlin_cathedral,val,5,source
08091.png,petronas_towers,val,1,source
07648.png,gaudi_casa_batllo_barcelona,val,7,source
09303.png,museu_nacional_dart_de_catalunya,test,3,source
08128.png,gaudi_casa_batllo_barcelona,val,7,source
02490_aug_0.png,colosseum,train,0,source
03261_aug_0.png,petronas_towers,train,1,source
01611_aug_0.png,petronas_towers,train,1,source
07292.png,rialto_bridge,val,2,source
07177.png,hagia_sophia,val,6,source
05362_aug_0.png,rialto_bridge,train,2,source
08378.png,gaudi_casa_batllo_barcelona,val,7,source
01987_aug_0.png,hagia_sophia,train,6,source
08751.png,petronas_towers,test,1,source
04467_aug_0.png,hagia_sophia,train,6,source
04670_aug_0.png,colosseum,train,0,source
00488_aug_0.png,gaudi_casa_batllo_barcelona,train,7,source
04947_aug_0.png,hagia_sophia,train,6,source
02610_aug_0.png,colosseum,train,0,source
09349.png,st_stephen_cathedral_vienna,test,4,source
08439.png,st_stephen_cathedral_vienna,val,4,source
07093.png,museu_nacional_dart_de_catalunya,val,3,source
00460_aug_0.png,colosseum,train,0,source
04489_aug_0.png,st_stephen_cathedral_vienna,train,4,source
08222.png,rialto_bridge,val,2,source
07492.png,rialto_bridge,val,2,source
03059_aug_0.png,st_stephen_cathedral_vienna,train,4,source
06181_aug_0.png,petronas_towers,train,1,source
00270_aug_0.png,colosseum,train,0,source
02947_aug_0.png,hagia_sophia,train,6,source
04152_aug_0.png,rialto_bridge,train,2,source
01768_aug_0.png,gaudi_casa_batllo_barcelona,train,7,source
02849_aug_0.png,st_stephen_cathedral_vienna,train,4,source
08129.png,st_stephen_cathedral_vienna,val,4,source
06007_aug_0.png,hagia_sophia,train,6,source
08082.png,rialto_bridge,val,2,source
08666.png,berlin_cathedral,test,5,source
09721.png,petronas_towers,test,1,source
09791.png,petronas_towers,test,1,source
06827_aug_0.png,hagia_sophia,train,6,source
07301.png,petronas_towers,val,1,source
04258_aug_0.png,gaudi_casa_batllo_barcelona,train,7,source
08226.png,berlin_cathedral,val,5,source
05837_aug_0.png,hagia_sophia,train,6,source
01917_aug_0.png,hagia_sophia,train,6,source
09717.png,hagia_sophia,test,6,source
04420_aug_0.png,colosseum,train,0,source
00818_aug_0.png,gaudi_casa_batllo_barcelona,train,7,source
03771_aug_0.png,petronas_towers,train,1,source
07933.png,museu_nacional_dart_de_catalunya,val,3,source
07808.png,gaudi_casa_batllo_barcelona,val,7,source
02866_aug_0.png,berlin_cathedral,train,5,source
06947_aug_0.png,hagia_sophia,train,6,source
07426.png,berlin_cathedral,val,5,source
06957_aug_0.png,hagia_sophia,train,6,source
03940_aug_0.png,colosseum,train,0,source
05076_aug_0.png,berlin_cathedral,train,5,source
09689.png,st_stephen_cathedral_vienna,test,4,source
00790_aug_0.png,colosseum,train,0,source
00192_aug_0.png,rialto_bridge,train,2,source
08058.png,gaudi_casa_batllo_barcelona,val,7,source
04598_aug_0.png,gaudi_casa_batllo_barcelona,train,7,source
05870_aug_0.png,colosseum,train,0,source
04931_aug_0.png,petronas_towers,train,1,source
09726.png,berlin_cathedral,test,5,source
07839.png,st_stephen_cathedral_vienna,val,4,source
09160.png,colosseum,test,0,source
08941.png,petronas_towers,test,1,source
04299_aug_0.png,st_stephen_cathedral_vienna,train,4,source
09848.png,gaudi_casa_batllo_barcelona,test,7,source
07833.png,museu_nacional_dart_de_catalunya,val,3,source
09403.png,museu_nacional_dart_de_catalunya,test,3,source
03800_aug_0.png,colosseum,train,0,source
07129.png,st_stephen_cathedral_vienna,val,4,source
01273_aug_0.png,museu_nacional_dart_de_catalunya,train,3,source
07732.png,rialto_bridge,val,2,source
04206_aug_0.png,berlin_cathedral,train,5,source
05393_aug_0.png,museu_nacional_dart_de_catalunya,train,3,source
01279_aug_0.png,st_stephen_cathedral_vienna,train,4,source
00006_aug_0.png,berlin_cathedral,train,5,source
09652.png,rialto_bridge,test,2,source
02306_aug_0.png,berlin_cathedral,train,5,source
01342_aug_0.png,rialto_bridge,train,2,source
01493_aug_0.png,museu_nacional_dart_de_catalunya,train,3,source
08509.png,st_stephen_cathedral_vienna,test,4,source
08542.png,rialto_bridge,test,2,source
07141.png,petronas_towers,val,1,source
05500_aug_0.png,colosseum,train,0,source
06918_aug_0.png,gaudi_casa_batllo_barcelona,train,7,source
02373_aug_0.png,museu_nacional_dart_de_catalunya,train,3,source
02111_aug_0.png,petronas_towers,train,1,source
08329.png,st_stephen_cathedral_vienna,val,4,source
00353_aug_0.png,museu_nacional_dart_de_catalunya,train,3,source
05640_aug_0.png,colosseum,train,0,source
01340_aug_0.png,colosseum,train,0,source
00201_aug_0.png,petronas_towers,train,1,source
00803_aug_0.png,museu_nacional_dart_de_catalunya,train,3,source
07926.png,berlin_cathedral,val,5,source
03896_aug_0.png,berlin_cathedral,train,5,source
05539_aug_0.png,st_stephen_cathedral_vienna,train,4,source
02117_aug_0.png,hagia_sophia,train,6,source
01700_aug_0.png,colosseum,train,0,source
08266.png,berlin_cathedral,val,5,source
00777_aug_0.png,hagia_sophia,train,6,source
00140_aug_0.png,colosseum,train,0,source
07387.png,hagia_sophia,val,6,source
01389_aug_0.png,st_stephen_cathedral_vienna,train,4,source
09346.png,berlin_cathedral,test,5,source
04111_aug_0.png,petronas_towers,train,1,source
08788.png,gaudi_casa_batllo_barcelona,test,7,source
06352_aug_0.png,rialto_bridge,train,2,source
09248.png,gaudi_casa_batllo_barcelona,test,7,source
09430.png,colosseum,test,0,source
03087_aug_0.png,hagia_sophia,train,6,source
07143.png,museu_nacional_dart_de_catalunya,val,3,source
03559_aug_0.png,st_stephen_cathedral_vienna,train,4,source
07527.png,hagia_sophia,val,6,source
01916_aug_0.png,berlin_cathedral,train,5,source
07621.png,petronas_towers,val,1,source
00482_aug_0.png,rialto_bridge,train,2,source
03853_aug_0.png,museu_nacional_dart_de_catalunya,train,3,source
07112.png,rialto_bridge,val,2,source
07860.png,colosseum,val,0,source
04176_aug_0.png,berlin_cathedral,train,5,source
08430.png,colosseum,val,0,source
06708_aug_0.png,gaudi_casa_batllo_barcelona,train,7,source
06138_aug_0.png,gaudi_casa_batllo_barcelona,train,7,source
07242.png,rialto_bridge,val,2,source
08109.png,st_stephen_cathedral_vienna,val,4,source
07151.png,petronas_towers,val,1,source
06231_aug_0.png,petronas_towers,train,1,source
09088.png,gaudi_casa_batllo_barcelona,test,7,source
06337_aug_0.png,hagia_sophia,train,6,source
09316.png,berlin_cathedral,test,5,source
08962.png,rialto_bridge,test,2,source
08510.png,colosseum,test,0,source
09968.png,gaudi_casa_batllo_barcelona,test,7,source
02448_aug_0.png,gaudi_casa_batllo_barcelona,train,7,source
08148.png,gaudi_casa_batllo_barcelona,val,7,source
03523_aug_0.png,museu_nacional_dart_de_catalunya,train,3,source
08658.png,gaudi_casa_batllo_barcelona,test,7,source
05866_aug_0.png,berlin_cathedral,train,5,source
04436_aug_0.png,berlin_cathedral,train,5,source
06587_aug_0.png,hagia_sophia,train,6,source
05687_aug_0.png,hagia_sophia,train,6,source
08937.png,hagia_sophia,test,6,source
07421.png,petronas_towers,val,1,source
02603_aug_0.png,museu_nacional_dart_de_catalunya,train,3,source
02019_aug_0.png,st_stephen_cathedral_vienna,train,4,source
00537_aug_0.png,hagia_sophia,train,6,source
07400.png,colosseum,val,0,source
07682.png,rialto_bridge,val,2,source
03482_aug_0.png,rialto_bridge,train,2,source
00753_aug_0.png,museu_nacional_dart_de_catalunya,train,3,source
05729_aug_0.png,st_stephen_cathedral_vienna,train,4,source
09360.png,colosseum,test,0,source
06117_aug_0.png,hagia_sophia,train,6,source
09082.png,rialto_bridge,test,2,source
07236.png,berlin_cathedral,val,5,source
07716.png,berlin_cathedral,val,5,source
00827_aug_0.png,hagia_sophia,train,6,source
02643_aug_0.png,museu_nacional_dart_de_catalunya,train,3,source
08549.png,st_stephen_cathedral_vienna,test,4,source
08578.png,gaudi_casa_batllo_barcelona,test,7,source
00406_aug_0.png,berlin_cathedral,train,5,source
08006.png,berlin_cathedral,val,5,source
07306.png,berlin_cathedral,val,5,source
05998_aug_0.png,gaudi_casa_batllo_barcelona,train,7,source
06092_aug_0.png,rialto_bridge,train,2,source
08196.png,berlin_cathedral,val,5,source
02871_aug_0.png,petronas_towers,train,1,source
01453_aug_0.png,museu_nacional_dart_de_catalunya,train,3,source
09598.png,gaudi_casa_batllo_barcelona,test,7,source
06579_aug_0.png,st_stephen_cathedral_vienna,train,4,source
01709_aug_0.png,st_stephen_cathedral_vienna,train,4,source
09323.png,museu_nacional_dart_de_catalunya,test,3,source
09367.png,hagia_sophia,test,6,source
03647_aug_0.png,hagia_sophia,train,6,source
04217_aug_0.png,hagia_sophia,train,6,source
05868_aug_0.png,gaudi_casa_batllo_barcelona,train,7,source
05737_aug_0.png,hagia_sophia,train,6,source
01762_aug_0.png,rialto_bridge,train,2,source
00551_aug_0.png,petronas_towers,train,1,source
05543_aug_0.png,museu_nacional_dart_de_catalunya,train,3,source
00241_aug_0.png,petronas_towers,train,1,source
07768.png,gaudi_casa_batllo_barcelona,val,7,source
06813_aug_0.png,museu_nacional_dart_de_catalunya,train,3,source
09901.png,petronas_towers,test,1,source
08491.png,petronas_towers,val,1,source
03687_aug_0.png,hagia_sophia,train,6,source
07487.png,hagia_sophia,val,6,source
01877_aug_0.png,hagia_sophia,train,6,source
06840_aug_0.png,colosseum,train,0,source
02368_aug_0.png,gaudi_casa_batllo_barcelona,train,7,source
09260.png,colosseum,test,0,source
00063_aug_0.png,museu_nacional_dart_de_catalunya,train,3,source
03247_aug_0.png,hagia_sophia,train,6,source
08382.png,rialto_bridge,val,2,source
01270_aug_0.png,colosseum,train,0,source
08212.png,rialto_bridge,val,2,source
04120_aug_0.png,colosseum,train,0,source
08103.png,museu_nacional_dart_de_catalunya,val,3,source
01851_aug_0.png,petronas_towers,train,1,source
06526_aug_0.png,berlin_cathedral,train,5,source
07519.png,st_stephen_cathedral_vienna,val,4,source
05846_aug_0.png,berlin_cathedral,train,5,source
03100_aug_0.png,colosseum,train,0,source
09261.png,petronas_towers,test,1,source
06077_aug_0.png,hagia_sophia,train,6,source
07262.png,rialto_bridge,val,2,source
09172.png,rialto_bridge,test,2,source
06366_aug_0.png,berlin_cathedral,train,5,source
03989_aug_0.png,st_stephen_cathedral_vienna,train,4,source
04726_aug_0.png,berlin_cathedral,train,5,source
06799_aug_0.png,st_stephen_cathedral_vienna,train,4,source
01009_aug_0.png,st_stephen_cathedral_vienna,train,4,source
05889_aug_0.png,st_stephen_cathedral_vienna,train,4,source
07857.png,hagia_sophia,val,6,source
01477_aug_0.png,hagia_sophia,train,6,source
06682_aug_0.png,rialto_bridge,train,2,source
04592_aug_0.png,rialto_bridge,train,2,source
02110_aug_0.png,colosseum,train,0,source
03172_aug_0.png,rialto_bridge,train,2,source
03279_aug_0.png,st_stephen_cathedral_vienna,train,4,source
05801_aug_0.png,petronas_towers,train,1,source
07250.png,colosseum,val,0,source
05463_aug_0.png,museu_nacional_dart_de_catalunya,train,3,source
07508.png,gaudi_casa_batllo_barcelona,val,7,source
02911_aug_0.png,petronas_towers,train,1,source
08562.png,rialto_bridge,test,2,source
01529_aug_0.png,st_stephen_cathedral_vienna,train,4,source
06119_aug_0.png,st_stephen_cathedral_vienna,train,4,source
00029_aug_0.png,st_stephen_cathedral_vienna,train,4,source
04719_aug_0.png,st_stephen_cathedral_vienna,train,4,source
05227_aug_0.png,hagia_sophia,train,6,source
00476_aug_0.png,berlin_cathedral,train,5,source
05199_aug_0.png,st_stephen_cathedral_vienna,train,4,source
08203.png,museu_nacional_dart_de_catalunya,val,3,source
06546_aug_0.png,berlin_cathedral,train,5,source
09337.png,hagia_sophia,test,6,source
09506.png,berlin_cathedral,test,5,source
09656.png,berlin_cathedral,test,5,source
06407_aug_0.png,hagia_sophia,train,6,source
06901_aug_0.png,petronas_towers,train,1,source
07373.png,museu_nacional_dart_de_catalunya,val,3,source
00106_aug_0.png,berlin_cathedral,train,5,source
03058_aug_0.png,gaudi_casa_batllo_barcelona,train,7,source
07849.png,st_stephen_cathedral_vienna,val,4,source
07110.png,colosseum,val,0,source
01498_aug_0.png,gaudi_casa_batllo_barcelona,train,7,source
08880.png,colosseum,test,0,source
07299.png,st_stephen_cathedral_vienna,val,4,source
09747.png,hagia_sophia,test,6,source
03826_aug_0.png,berlin_cathedral,train,5,source
09066.png,berlin_cathedral,test,5,source
01913_aug_0.png,museu_nacional_dart_de_catalunya,train,3,source
07947.png,hagia_sophia,val,6,source
08261.png,petronas_towers,val,1,source
02266_aug_0.png,berlin_cathedral,train,5,source
09469.png,st_stephen_cathedral_vienna,test,4,source
06939_aug_0.png,st_stephen_cathedral_vienna,train,4,source
00069_aug_0.png,st_stephen_cathedral_vienna,train,4,source
04310_aug_0.png,colosseum,train,0,source
09857.png,hagia_sophia,test,6,source
04083_aug_0.png,museu_nacional_dart_de_catalunya,train,3,source
04228_aug_0.png,gaudi_casa_batllo_barcelona,train,7,source
04662_aug_0.png,rialto_bridge,train,2,source
00746_aug_0.png,berlin_cathedral,train,5,source
00647_aug_0.png,hagia_sophia,train,6,source
04246_aug_0.png,berlin_cathedral,train,5,source
05860_aug_0.png,colosseum,train,0,source
05719_aug_0.png,st_stephen_cathedral_vienna,train,4,source
08237.png,hagia_sophia,val,6,source
00507_aug_0.png,hagia_sophia,train,6,source
05348_aug_0.png,gaudi_casa_batllo_barcelona,train,7,source
04836_aug_0.png,berlin_cathedral,train,5,source
05343_aug_0.png,museu_nacional_dart_de_catalunya,train,3,source
00461_aug_0.png,petronas_towers,train,1,source
08490.png,colosseum,val,0,source
05678_aug_0.png,gaudi_casa_batllo_barcelona,train,7,source
04043_aug_0.png,museu_nacional_dart_de_catalunya,train,3,source
09218.png,gaudi_casa_batllo_barcelona,test,7,source
02512_aug_0.png,rialto_bridge,train,2,source
03338_aug_0.png,gaudi_casa_batllo_barcelona,train,7,source
02468_aug_0.png,gaudi_casa_batllo_barcelona,train,7,source
01356_aug_0.png,berlin_cathedral,train,5,source
08820.png,colosseum,test,0,source
07488.png,gaudi_casa_batllo_barcelona,val,7,source
07707.png,hagia_sophia,val,6,source
05662_aug_0.png,rialto_bridge,train,2,source
06042_aug_0.png,rialto_bridge,train,2,source
07231.png,petronas_towers,val,1,source
00286_aug_0.png,berlin_cathedral,train,5,source
07226.png,berlin_cathedral,val,5,source
09719.png,st_stephen_cathedral_vienna,test,4,source
09062.png,rialto_bridge,test,2,source
07620.png,colosseum,val,0,source
09173.png,museu_nacional_dart_de_catalunya,test,3,source
06288_aug_0.png,gaudi_casa_batllo_barcelona,train,7,source
05747_aug_0.png,hagia_sophia,train,6,source
03983_aug_0.png,museu_nacional_dart_de_catalunya,train,3,source
01200_aug_0.png,colosseum,train,0,source
04956_aug_0.png,berlin_cathedral,train,5,source
08950.png,colosseum,test,0,source
07590.png,colosseum,val,0,source
09041.png,petronas_towers,test,1,source
07878.png,gaudi_casa_batllo_barcelona,val,7,source
08599.png,st_stephen_cathedral_vienna,test,4,source
04490_aug_0.png,colosseum,train,0,source
06722_aug_0.png,rialto_bridge,train,2,source
09227.png,hagia_sophia,test,6,source
01887_aug_0.png,hagia_sophia,train,6,source
01028_aug_0.png,gaudi_casa_batllo_barcelona,train,7,source
02986_aug_0.png,berlin_cathedral,train,5,source
04167_aug_0.png,hagia_sophia,train,6,source
02861_aug_0.png,petronas_towers,train,1,source
06997_aug_0.png,hagia_sophia,train,6,source
00449_aug_0.png,st_stephen_cathedral_vienna,train,4,source
00376_aug_0.png,berlin_cathedral,train,5,source
09018.png,gaudi_casa_batllo_barcelona,test,7,source
08881.png,petronas_towers,test,1,source
04386_aug_0.png,berlin_cathedral,train,5,source
02841_aug_0.png,petronas_towers,train,1,source
03016_aug_0.png,berlin_cathedral,train,5,source
06041_aug_0.png,petronas_towers,train,1,source
07398.png,gaudi_casa_batllo_barcelona,val,7,source
09910.png,colosseum,test,0,source
00848_aug_0.png,gaudi_casa_batllo_barcelona,train,7,source
04146_aug_0.png,berlin_cathedral,train,5,source
08048.png,gaudi_casa_batllo_barcelona,val,7,source
00943_aug_0.png,museu_nacional_dart_de_catalunya,train,3,source
08648.png,gaudi_casa_batllo_barcelona,test,7,source
03823_aug_0.png,museu_nacional_dart_de_catalunya,train,3,source
09799.png,st_stephen_cathedral_vienna,test,4,source
01813_aug_0.png,museu_nacional_dart_de_catalunya,train,3,source
05491_aug_0.png,petronas_towers,train,1,source
01889_aug_0.png,st_stephen_cathedral_vienna,train,4,source
06100_aug_0.png,colosseum,train,0,source
05673_aug_0.png,museu_nacional_dart_de_catalunya,train,3,source
07070.png,colosseum,val,0,source
02101_aug_0.png,petronas_towers,train,1,source
09990.png,colosseum,test,0,source
09993.png,museu_nacional_dart_de_catalunya,test,3,source
07628.png,gaudi_casa_batllo_barcelona,val,7,source
04372_aug_0.png,rialto_bridge,train,2,source
07402.png,rialto_bridge,val,2,source
01630_aug_0.png,colosseum,train,0,source
03843_aug_0.png,museu_nacional_dart_de_catalunya,train,3,source
07530.png,colosseum,val,0,source
09568.png,gaudi_casa_batllo_barcelona,test,7,source
08576.png,berlin_cathedral,test,5,source
03347_aug_0.png,hagia_sophia,train,6,source
06142_aug_0.png,rialto_bridge,train,2,source
06466_aug_0.png,berlin_cathedral,train,5,source
02053_aug_0.png,museu_nacional_dart_de_catalunya,train,3,source
07856.png,berlin_cathedral,val,5,source
03917_aug_0.png,hagia_sophia,train,6,source
06193_aug_0.png,museu_nacional_dart_de_catalunya,train,3,source
09098.png,gaudi_casa_batllo_barcelona,test,7,source
03636_aug_0.png,berlin_cathedral,train,5,source
03533_aug_0.png,museu_nacional_dart_de_catalunya,train,3,source
05411_aug_0.png,petronas_towers,train,1,source
09213.png,museu_nacional_dart_de_catalunya,test,3,source
09069.png,st_stephen_cathedral_vienna,test,4,source
05849_aug_0.png,st_stephen_cathedral_vienna,train,4,source
02663_aug_0.png,museu_nacional_dart_de_catalunya,train,3,source
09681.png,petronas_towers,test,1,source
09552.png,rialto_bridge,test,2,source
00723_aug_0.png,museu_nacional_dart_de_catalunya,train,3,source
08280.png,colosseum,val,0,source
04721_aug_0.png,petronas_towers,train,1,source
00049_aug_0.png,st_stephen_cathedral_vienna,train,4,source
04337_aug_0.png,hagia_sophia,train,6,source
05722_aug_0.png,rialto_bridge,train,2,source
09882.png,rialto_bridge,test,2,source
09052.png,rialto_bridge,test,2,source
04603_aug_0.png,museu_nacional_dart_de_catalunya,train,3,source
06257_aug_0.png,hagia_sophia,train,6,source
03867_aug_0.png,hagia_sophia,train,6,source
03232_aug_0.png,rialto_bridge,train,2,source
04008_aug_0.png,gaudi_casa_batllo_barcelona,train,7,source
07296.png,berlin_cathedral,val,5,source
07997.png,hagia_sophia,val,6,source
09012.png,rialto_bridge,test,2,source
00349_aug_0.png,st_stephen_cathedral_vienna,train,4,source
00042_aug_0.png,rialto_bridge,train,2,source
00580_aug_0.png,colosseum,train,0,source
09253.png,museu_nacional_dart_de_catalunya,test,3,source
03272_aug_0.png,rialto_bridge,train,2,source
03429_aug_0.png,st_stephen_cathedral_vienna,train,4,source
01111_aug_0.png,petronas_towers,train,1,source
05902_aug_0.png,rialto_bridge,train,2,source
00886_aug_0.png,berlin_cathedral,train,5,source
06263_aug_0.png,museu_nacional_dart_de_catalunya,train,3,source
09629.png,st_stephen_cathedral_vienna,test,4,source
02900_aug_0.png,colosseum,train,0,source
04231_aug_0.png,petronas_towers,train,1,source
01023_aug_0.png,museu_nacional_dart_de_catalunya,train,3,source
07361.png,petronas_towers,val,1,source
04086_aug_0.png,berlin_cathedral,train,5,source
03593_aug_0.png,museu_nacional_dart_de_catalunya,train,3,source
03676_aug_0.png,berlin_cathedral,train,5,source
08179.png,st_stephen_cathedral_vienna,val,4,source
04888_aug_0.png,gaudi_casa_batllo_barcelona,train,7,source
00867_aug_0.png,hagia_sophia,train,6,source
01538_aug_0.png,gaudi_casa_batllo_barcelona,train,7,source
04971_aug_0.png,petronas_towers,train,1,source
03468_aug_0.png,gaudi_casa_batllo_barcelona,train,7,source
06358_aug_0.png,gaudi_casa_batllo_barcelona,train,7,source
06592_aug_0.png,rialto_bridge,train,2,source
03840_aug_0.png,colosseum,train,0,source
00889_aug_0.png,st_stephen_cathedral_vienna,train,4,source
02771_aug_0.png,petronas_towers,train,1,source
08917.png,hagia_sophia,test,6,source
01467_aug_0.png,hagia_sophia,train,6,source
07090.png,colosseum,val,0,source
06200_aug_0.png,colosseum,train,0,source
00839_aug_0.png,st_stephen_cathedral_vienna,train,4,source
06438_aug_0.png,gaudi_casa_batllo_barcelona,train,7,source
08293.png,museu_nacional_dart_de_catalunya,val,3,source
02231_aug_0.png,petronas_towers,train,1,source
08532.png,rialto_bridge,test,2,source
07468.png,gaudi_casa_batllo_barcelona,val,7,source
03748_aug_0.png,gaudi_casa_batllo_barcelona,train,7,source
00377_aug_0.png,hagia_sophia,train,6,source
08550.png,colosseum,test,0,source
09527.png,hagia_sophia,test,6,source
07452.png,rialto_bridge,val,2,source
09059.png,st_stephen_cathedral_vienna,test,4,source
04743_aug_0.png,museu_nacional_dart_de_catalunya,train,3,source
00890_aug_0.png,colosseum,train,0,source
00227_aug_0.png,hagia_sophia,train,6,source
02650_aug_0.png,colosseum,train,0,source
07862.png,rialto_bridge,val,2,source
07100.png,colosseum,val,0,source
08857.png,hagia_sophia,test,6,source
02220_aug_0.png,colosseum,train,0,source
01671_aug_0.png,petronas_towers,train,1,source
01938_aug_0.png,gaudi_casa_batllo_barcelona,train,7,source
01868_aug_0.png,gaudi_casa_batllo_barcelona,train,7,source
07429.png,st_stephen_cathedral_vienna,val,4,source
05813_aug_0.png,museu_nacional_dart_de_catalunya,train,3,source
00337_aug_0.png,hagia_sophia,train,6,source
07199.png,st_stephen_cathedral_vienna,val,4,source
08007.png,hagia_sophia,val,6,source
00238_aug_0.png,gaudi_casa_batllo_barcelona,train,7,source
07291.png,petronas_towers,val,1,source
07049.png,st_stephen_cathedral_vienna,val,4,source
05968_aug_0.png,gaudi_casa_batllo_barcelona,train,7,source
08653.png,museu_nacional_dart_de_catalunya,test,3,source
08450.png,colosseum,val,0,source
08168.png,gaudi_casa_batllo_barcelona,val,7,source
07536.png,berlin_cathedral,val,5,source
06953_aug_0.png,museu_nacional_dart_de_catalunya,train,3,source
03070_aug_0.png,colosseum,train,0,source
05032_aug_0.png,rialto_bridge,train,2,source
01006_aug_0.png,berlin_cathedral,train,5,source
03860_aug_0.png,colosseum,train,0,source
09957.png,hagia_sophia,test,6,source
06549_aug_0.png,st_stephen_cathedral_vienna,train,4,source
08930.png,colosseum,test,0,source
08386.png,berlin_cathedral,val,5,source
08560.png,colosseum,test,0,source
02086_aug_0.png,berlin_cathedral,train,5,source
03129_aug_0.png,st_stephen_cathedral_vienna,train,4,source
03721_aug_0.png,petronas_towers,train,1,source
03393_aug_0.png,museu_nacional_dart_de_catalunya,train,3,source
00307_aug_0.png,hagia_sophia,train,6,source
01282_aug_0.png,rialto_bridge,train,2,source
09913.png,museu_nacional_dart_de_catalunya,test,3,source
01038_aug_0.png,gaudi_casa_batllo_barcelona,train,7,source
00171_aug_0.png,petronas_towers,train,1,source
04757_aug_0.png,hagia_sophia,train,6,source
07691.png,petronas_towers,val,1,source
02822_aug_0.png,rialto_bridge,train,2,source
09272.png,rialto_bridge,test,2,source
09040.png,colosseum,test,0,source
03502_aug_0.png,rialto_bridge,train,2,source
08289.png,st_stephen_cathedral_vienna,val,4,source
08313.png,museu_nacional_dart_de_catalunya,val,3,source
00141_aug_0.png,petronas_towers,train,1,source
04802_aug_0.png,rialto_bridge,train,2,source
01437_aug_0.png,hagia_sophia,train,6,source
07633.png,museu_nacional_dart_de_catalunya,val,3,source
09922.png,rialto_bridge,test,2,source
09420.png,colosseum,test,0,source
03811_aug_0.png,petronas_towers,train,1,source
05371_aug_0.png,petronas_towers,train,1,source
08936.png,berlin_cathedral,test,5,source
01396_aug_0.png,berlin_cathedral,train,5,source
09586.png,berlin_cathedral,test,5,source
07737.png,hagia_sophia,val,6,source
07163.png,museu_nacional_dart_de_catalunya,val,3,source
00982_aug_0.png,rialto_bridge,train,2,source
08401.png,petronas_towers,val,1,source
07609.png,st_stephen_cathedral_vienna,val,4,source
04192_aug_0.png,rialto_bridge,train,2,source
05529_aug_0.png,st_stephen_cathedral_vienna,train,4,source
02662_aug_0.png,rialto_bridge,train,2,source
09313.png,museu_nacional_dart_de_catalunya,test,3,source
00232_aug_0.png,rialto_bridge,train,2,source
06899_aug_0.png,st_stephen_cathedral_vienna,train,4,source
09446.png,berlin_cathedral,test,5,source
07150.png,colosseum,val,0,source
03580_aug_0.png,colosseum,train,0,source
07479.png,st_stephen_cathedral_vienna,val,4,source
06680_aug_0.png,colosseum,train,0,source
09621.png,petronas_towers,test,1,source
00090_aug_0.png,colosseum,train,0,source
07637.png,hagia_sophia,val,6,source
03761_aug_0.png,petronas_towers,train,1,source
05526_aug_0.png,berlin_cathedral,train,5,source
08420.png,colosseum,val,0,source
02993_aug_0.png,museu_nacional_dart_de_catalunya,train,3,source
09697.png,hagia_sophia,test,6,source
07817.png,hagia_sophia,val,6,source
09806.png,berlin_cathedral,test,5,source
03296_aug_0.png,berlin_cathedral,train,5,source
02559_aug_0.png,st_stephen_cathedral_vienna,train,4,source
00532_aug_0.png,rialto_bridge,train,2,source
00060_aug_0.png,colosseum,train,0,source
06883_aug_0.png,museu_nacional_dart_de_catalunya,train,3,source
00752_aug_0.png,rialto_bridge,train,2,source
00658_aug_0.png,gaudi_casa_batllo_barcelona,train,7,source
09436.png,berlin_cathedral,test,5,source
02513_aug_0.png,museu_nacional_dart_de_catalunya,train,3,source
08033.png,museu_nacional_dart_de_catalunya,val,3,source
00267_aug_0.png,hagia_sophia,train,6,source
01823_aug_0.png,museu_nacional_dart_de_catalunya,train,3,source
04026_aug_0.png,berlin_cathedral,train,5,source
00813_aug_0.png,museu_nacional_dart_de_catalunya,train,3,source
07706.png,berlin_cathedral,val,5,source
07410.png,colosseum,val,0,source
02426_aug_0.png,berlin_cathedral,train,5,source
05419_aug_0.png,st_stephen_cathedral_vienna,train,4,source
07032.png,rialto_bridge,val,2,source
08331.png,petronas_towers,val,1,source
08961.png,petronas_towers,test,1,source
01808_aug_0.png,gaudi_casa_batllo_barcelona,train,7,source
04203_aug_0.png,museu_nacional_dart_de_catalunya,train,3,source
00940_aug_0.png,colosseum,train,0,source
09092.png,rialto_bridge,test,2,source
08762.png,rialto_bridge,test,2,source
00089_aug_0.png,st_stephen_cathedral_vienna,train,4,source
05356_aug_0.png,berlin_cathedral,train,5,source
04810_aug_0.png,colosseum,train,0,source
00258_aug_0.png,gaudi_casa_batllo_barcelona,train,7,source
08276.png,berlin_cathedral,val,5,source
00457_aug_0.png,hagia_sophia,train,6,source
07512.png,rialto_bridge,val,2,source
08479.png,st_stephen_cathedral_vienna,val,4,source
07271.png,petronas_towers,val,1,source
06413_aug_0.png,museu_nacional_dart_de_catalunya,train,3,source
09673.png,museu_nacional_dart_de_catalunya,test,3,source
09690.png,colosseum,test,0,source
03768_aug_0.png,gaudi_casa_batllo_barcelona,train,7,source
05340_aug_0.png,colosseum,train,0,source
03362_aug_0.png,rialto_bridge,train,2,source
09547.png,hagia_sophia,test,6,source
04669_aug_0.png,st_stephen_cathedral_vienna,train,4,source
02080_aug_0.png,colosseum,train,0,source
08162.png,rialto_bridge,val,2,source
03540_aug_0.png,colosseum,train,0,source
08507.png,hagia_sophia,test,6,source
09203.png,museu_nacional_dart_de_catalunya,test,3,source
02282_aug_0.png,rialto_bridge,train,2,source
04130_aug_0.png,colosseum,train,0,source
00626_aug_0.png,berlin_cathedral,train,5,source
03881_aug_0.png,petronas_towers,train,1,source
07207.png,hagia_sophia,val,6,source
06383_aug_0.png,museu_nacional_dart_de_catalunya,train,3,source
03169_aug_0.png,st_stephen_cathedral_vienna,train,4,source
00066_aug_0.png,berlin_cathedral,train,5,source
04253_aug_0.png,museu_nacional_dart_de_catalunya,train,3,source
09478.png,gaudi_casa_batllo_barcelona,test,7,source
02887_aug_0.png,hagia_sophia,train,6,source
02907_aug_0.png,hagia_sophia,train,6,source
07720.png,colosseum,val,0,source
02647_aug_0.png,hagia_sophia,train,6,source
01658_aug_0.png,gaudi_casa_batllo_barcelona,train,7,source
04593_aug_0.png,museu_nacional_dart_de_catalunya,train,3,source
01873_aug_0.png,museu_nacional_dart_de_catalunya,train,3,source
03037_aug_0.png,hagia_sophia,train,6,source
04646_aug_0.png,berlin_cathedral,train,5,source
01160_aug_0.png,colosseum,train,0,source
07650.png,colosseum,val,0,source
07990.png,colosseum,val,0,source
08346.png,berlin_cathedral,val,5,source
03937_aug_0.png,hagia_sophia,train,6,source
03658_aug_0.png,gaudi_casa_batllo_barcelona,train,7,source
09079.png,st_stephen_cathedral_vienna,test,4,source
07626.png,berlin_cathedral,val,5,source
02228_aug_0.png,gaudi_casa_batllo_barcelona,train,7,source
01232_aug_0.png,rialto_bridge,train,2,source
07968.png,gaudi_casa_batllo_barcelona,val,7,source
09811.png,petronas_towers,test,1,source
02333_aug_0.png,museu_nacional_dart_de_catalunya,train,3,source
06563_aug_0.png,museu_nacional_dart_de_catalunya,train,3,source
02838_aug_0.png,gaudi_casa_batllo_barcelona,train,7,source
05148_aug_0.png,gaudi_casa_batllo_barcelona,train,7,source
08131.png,petronas_towers,val,1,source
08469.png,st_stephen_cathedral_vienna,val,4,source
03228_aug_0.png,gaudi_casa_batllo_barcelona,train,7,source
07888.png,gaudi_casa_batllo_barcelona,val,7,source
01616_aug_0.png,berlin_cathedral,train,5,source
07907.png,hagia_sophia,val,6,source
01949_aug_0.png,st_stephen_cathedral_vienna,train,4,source
09731.png,petronas_towers,test,1,source
06460_aug_0.png,colosseum,train,0,source
04699_aug_0.png,st_stephen_cathedral_vienna,train,4,source
06632_aug_0.png,rialto_bridge,train,2,source
05286_aug_0.png,berlin_cathedral,train,5,source
09776.png,berlin_cathedral,test,5,source
06668_aug_0.png,gaudi_casa_batllo_barcelona,train,7,source
02259_aug_0.png,st_stephen_cathedral_vienna,train,4,source
09016.png,berlin_cathedral,test,5,source
08827.png,hagia_sophia,test,6,source
08497.png,hagia_sophia,val,6,source
01506_aug_0.png,berlin_cathedral,train,5,source
09767.png,hagia_sophia,test,6,source
07018.png,gaudi_casa_batllo_barcelona,val,7,source
00952_aug_0.png,rialto_bridge,train,2,source
03241_aug_0.png,petronas_towers,train,1,source
02400_aug_0.png,colosseum,train,0,source
04856_aug_0.png,berlin_cathedral,train,5,source
09590.png,colosseum,test,0,source
06673_aug_0.png,museu_nacional_dart_de_catalunya,train,3,source
08252.png,rialto_bridge,val,2,source
04892_aug_0.png,rialto_bridge,train,2,source
08631.png,petronas_towers,test,1,source
06838_aug_0.png,gaudi_casa_batllo_barcelona,train,7,source
03990_aug_0.png,colosseum,train,0,source
07330.png,colosseum,val,0,source
07419.png,st_stephen_cathedral_vienna,val,4,source
07510.png,colosseum,val,0,source
09581.png,petronas_towers,test,1,source
03029_aug_0.png,st_stephen_cathedral_vienna,train,4,source
07622.png,rialto_bridge,val,2,source
05289_aug_0.png,st_stephen_cathedral_vienna,train,4,source
06402_aug_0.png,rialto_bridge,train,2,source
07539.png,st_stephen_cathedral_vienna,val,4,source
07840.png,colosseum,val,0,source
05149_aug_0.png,st_stephen_cathedral_vienna,train,4,source
02846_aug_0.png,berlin_cathedral,train,5,source
07543.png,museu_nacional_dart_de_catalunya,val,3,source
01073_aug_0.png,museu_nacional_dart_de_catalunya,train,3,source
09813.png,museu_nacional_dart_de_catalunya,test,3,source
04028_aug_0.png,gaudi_casa_batllo_barcelona,train,7,source
08046.png,berlin_cathedral,val,5,source
09456.png,berlin_cathedral,test,5,source
04066_aug_0.png,berlin_cathedral,train,5,source
08690.png,colosseum,test,0,source
03507_aug_0.png,hagia_sophia,train,6,source
01619_aug_0.png,st_stephen_cathedral_vienna,train,4,source
02489_aug_0.png,st_stephen_cathedral_vienna,train,4,source
03541_aug_0.png,petronas_towers,train,1,source
02803_aug_0.png,museu_nacional_dart_de_catalunya,train,3,source
09953.png,museu_nacional_dart_de_catalunya,test,3,source
03672_aug_0.png,rialto_bridge,train,2,source
03010_aug_0.png,colosseum,train,0,source
00938_aug_0.png,gaudi_casa_batllo_barcelona,train,7,source
05612_aug_0.png,rialto_bridge,train,2,source
07572.png,rialto_bridge,val,2,source
08453.png,museu_nacional_dart_de_catalunya,val,3,source
02301_aug_0.png,petronas_towers,train,1,source
03726_aug_0.png,berlin_cathedral,train,5,source
03048_aug_0.png,gaudi_casa_batllo_barcelona,train,7,source
04476_aug_0.png,berlin_cathedral,train,5,source
02568_aug_0.png,gaudi_casa_batllo_barcelona,train,7,source
06289_aug_0.png,st_stephen_cathedral_vienna,train,4,source
09489.png,st_stephen_cathedral_vienna,test,4,source
06152_aug_0.png,rialto_bridge,train,2,source
01668_aug_0.png,gaudi_casa_batllo_barcelona,train,7,source
01807_aug_0.png,hagia_sophia,train,6,source
06677_aug_0.png,hagia_sophia,train,6,source
04631_aug_0.png,petronas_towers,train,1,source
04097_aug_0.png,hagia_sophia,train,6,source
07772.png,rialto_bridge,val,2,source
07992.png,rialto_bridge,val,2,source
05073_aug_0.png,museu_nacional_dart_de_catalunya,train,3,source
07710.png,colosseum,val,0,source
04479_aug_0.png,st_stephen_cathedral_vienna,train,4,source
07813.png,museu_nacional_dart_de_catalunya,val,3,source
06428_aug_0.png,gaudi_casa_batllo_barcelona,train,7,source
07627.png,hagia_sophia,val,6,source
05783_aug_0.png,museu_nacional_dart_de_catalunya,train,3,source
00062_aug_0.png,rialto_bridge,train,2,source
07703.png,museu_nacional_dart_de_catalunya,val,3,source
02809_aug_0.png,st_stephen_cathedral_vienna,train,4,source
07906.png,berlin_cathedral,val,5,source
08886.png,berlin_cathedral,test,5,source
02592_aug_0.png,rialto_bridge,train,2,source
06350_aug_0.png,colosseum,train,0,source
08791.png,petronas_towers,test,1,source
06452_aug_0.png,rialto_bridge,train,2,source
08971.png,petronas_towers,test,1,source
05726_aug_0.png,berlin_cathedral,train,5,source
02780_aug_0.png,colosseum,train,0,source
03442_aug_0.png,rialto_bridge,train,2,source
06271_aug_0.png,petronas_towers,train,1,source
08061.png,petronas_towers,val,1,source
04979_aug_0.png,st_stephen_cathedral_vienna,train,4,source
05761_aug_0.png,petronas_towers,train,1,source
08308.png,gaudi_casa_batllo_barcelona,val,7,source
05406_aug_0.png,berlin_cathedral,train,5,source
00017_aug_0.png,hagia_sophia,train,6,source
08907.png,hagia_sophia,test,6,source
08057.png,hagia_sophia,val,6,source
00847_aug_0.png,hagia_sophia,train,6,source
08518.png,gaudi_casa_batllo_barcelona,test,7,source
07692.png,rialto_bridge,val,2,source
07587.png,hagia_sophia,val,6,source
09081.png,petronas_towers,test,1,source
07911.png,petronas_towers,val,1,source
09379.png,st_stephen_cathedral_vienna,test,4,source
01636_aug_0.png,berlin_cathedral,train,5,source
08173.png,museu_nacional_dart_de_catalunya,val,3,source
07339.png,st_stephen_cathedral_vienna,val,4,source
08870.png,colosseum,test,0,source
07270.png,colosseum,val,0,source
03039_aug_0.png,st_stephen_cathedral_vienna,train,4,source
00932_aug_0.png,rialto_bridge,train,2,source
06781_aug_0.png,petronas_towers,train,1,source
07631.png,petronas_towers,val,1,source
07700.png,colosseum,val,0,source
02488_aug_0.png,gaudi_casa_batllo_barcelona,train,7,source
08458.png,gaudi_casa_batllo_barcelona,val,7,source
09037.png,hagia_sophia,test,6,source
04766_aug_0.png,berlin_cathedral,train,5,source
08708.png,gaudi_casa_batllo_barcelona,test,7,source
00590_aug_0.png,colosseum,train,0,source
02248_aug_0.png,gaudi_casa_batllo_barcelona,train,7,source
01188_aug_0.png,gaudi_casa_batllo_barcelona,train,7,source
03480_aug_0.png,colosseum,train,0,source
02012_aug_0.png,rialto_bridge,train,2,source
05260_aug_0.png,colosseum,train,0,source
08036.png,berlin_cathedral,val,5,source
03457_aug_0.png,hagia_sophia,train,6,source
02402_aug_0.png,rialto_bridge,train,2,source
07831.png,petronas_towers,val,1,source
02756_aug_0.png,berlin_cathedral,train,5,source
03109_aug_0.png,st_stephen_cathedral_vienna,train,4,source
00403_aug_0.png,museu_nacional_dart_de_catalunya,train,3,source
07251.png,petronas_towers,val,1,source
05209_aug_0.png,st_stephen_cathedral_vienna,train,4,source
02122_aug_0.png,rialto_bridge,train,2,source
07836.png,berlin_cathedral,val,5,source
07080.png,colosseum,val,0,source
08051.png,petronas_towers,val,1,source
04658_aug_0.png,gaudi_casa_batllo_barcelona,train,7,source
06478_aug_0.png,gaudi_casa_batllo_barcelona,train,7,source
02922_aug_0.png,rialto_bridge,train,2,source
02221_aug_0.png,petronas_towers,train,1,source
06109_aug_0.png,st_stephen_cathedral_vienna,train,4,source
08223.png,museu_nacional_dart_de_catalunya,val,3,source
07887.png,hagia_sophia,val,6,source
09679.png,st_stephen_cathedral_vienna,test,4,source
05197_aug_0.png,hagia_sophia,train,6,source
09039.png,st_stephen_cathedral_vienna,test,4,source
06926_aug_0.png,berlin_cathedral,train,5,source
09800.png,colosseum,test,0,source
03387_aug_0.png,hagia_sophia,train,6,source
09217.png,hagia_sophia,test,6,source
06956_aug_0.png,berlin_cathedral,train,5,source
00660_aug_0.png,colosseum,train,0,source
08311.png,petronas_towers,val,1,source
09502.png,rialto_bridge,test,2,source
05799_aug_0.png,st_stephen_cathedral_vienna,train,4,source
09198.png,gaudi_casa_batllo_barcelona,test,7,source
04729_aug_0.png,st_stephen_cathedral_vienna,train,4,source
05580_aug_0.png,colosseum,train,0,source
07861.png,petronas_towers,val,1,source
07022.png,rialto_bridge,val,2,source
05790_aug_0.png,colosseum,train,0,source
04672_aug_0.png,rialto_bridge,train,2,source
05550_aug_0.png,colosseum,train,0,source
00373_aug_0.png,museu_nacional_dart_de_catalunya,train,3,source
02951_aug_0.png,petronas_towers,train,1,source
07657.png,hagia_sophia,val,6,source
07709.png,st_stephen_cathedral_vienna,val,4,source
03739_aug_0.png,st_stephen_cathedral_vienna,train,4,source
00032_aug_0.png,rialto_bridge,train,2,source
08998.png,gaudi_casa_batllo_barcelona,test,7,source
03473_aug_0.png,museu_nacional_dart_de_catalunya,train,3,source
02668_aug_0.png,gaudi_casa_batllo_barcelona,train,7,source
01596_aug_0.png,berlin_cathedral,train,5,source
03408_aug_0.png,gaudi_casa_batllo_barcelona,train,7,source
04737_aug_0.png,hagia_sophia,train,6,source
03912_aug_0.png,rialto_bridge,train,2,source
08577.png,hagia_sophia,test,6,source
03463_aug_0.png,museu_nacional_dart_de_catalunya,train,3,source
08818.png,gaudi_casa_batllo_barcelona,test,7,source
06578_aug_0.png,gaudi_casa_batllo_barcelona,train,7,source
06582_aug_0.png,rialto_bridge,train,2,source
01167_aug_0.png,hagia_sophia,train,6,source
04916_aug_0.png,berlin_cathedral,train,5,source
01792_aug_0.png,rialto_bridge,train,2,source
09970.png,colosseum,test,0,source
07423.png,museu_nacional_dart_de_catalunya,val,3,source
01798_aug_0.png,gaudi_casa_batllo_barcelona,train,7,source
07740.png,colosseum,val,0,source
05951_aug_0.png,petronas_towers,train,1,source
07546.png,berlin_cathedral,val,5,source
04507_aug_0.png,hagia_sophia,train,6,source
03061_aug_0.png,petronas_towers,train,1,source
08419.png,st_stephen_cathedral_vienna,val,4,source
09862.png,rialto_bridge,test,2,source
01923_aug_0.png,museu_nacional_dart_de_catalunya,train,3,source
01377_aug_0.png,hagia_sophia,train,6,source
00648_aug_0.png,gaudi_casa_batllo_barcelona,train,7,source
00426_aug_0.png,berlin_cathedral,train,5,source
05720_aug_0.png,colosseum,train,0,source
08856.png,berlin_cathedral,test,5,source
08869.png,st_stephen_cathedral_vienna,test,4,source
05901_aug_0.png,petronas_towers,train,1,source
08170.png,colosseum,val,0,source
08866.png,berlin_cathedral,test,5,source
01000_aug_0.png,colosseum,train,0,source
02798_aug_0.png,gaudi_casa_batllo_barcelona,train,7,source
03273_aug_0.png,museu_nacional_dart_de_catalunya,train,3,source
05426_aug_0.png,berlin_cathedral,train,5,source
09209.png,st_stephen_cathedral_vienna,test,4,source
00012_aug_0.png,rialto_bridge,train,2,source
08691.png,petronas_towers,test,1,source
06863_aug_0.png,museu_nacional_dart_de_catalunya,train,3,source
09258.png,gaudi_casa_batllo_barcelona,test,7,source
07989.png,st_stephen_cathedral_vienna,val,4,source
05066_aug_0.png,berlin_cathedral,train,5,source
03320_aug_0.png,colosseum,train,0,source
07466.png,berlin_cathedral,val,5,source
05570_aug_0.png,colosseum,train,0,source
06348_aug_0.png,gaudi_casa_batllo_barcelona,train,7,source
01518_aug_0.png,gaudi_casa_batllo_barcelona,train,7,source
09750.png,colosseum,test,0,source
09678.png,gaudi_casa_batllo_barcelona,test,7,source
00480_aug_0.png,colosseum,train,0,source
02430_aug_0.png,colosseum,train,0,source
05877_aug_0.png,hagia_sophia,train,6,source
06219_aug_0.png,st_stephen_cathedral_vienna,train,4,source
01766_aug_0.png,berlin_cathedral,train,5,source
07046.png,berlin_cathedral,val,5,source
02281_aug_0.png,petronas_towers,train,1,source
07486.png,berlin_cathedral,val,5,source
09932.png,rialto_bridge,test,2,source
07189.png,st_stephen_cathedral_vienna,val,4,source
02007_aug_0.png,hagia_sophia,train,6,source
08268.png,gaudi_casa_batllo_barcelona,val,7,source
09050.png,colosseum,test,0,source
09861.png,petronas_towers,test,1,source
05239_aug_0.png,st_stephen_cathedral_vienna,train,4,source
09940.png,colosseum,test,0,source
04322_aug_0.png,rialto_bridge,train,2,source
06313_aug_0.png,museu_nacional_dart_de_catalunya,train,3,source
00578_aug_0.png,gaudi_casa_batllo_barcelona,train,7,source
04656_aug_0.png,berlin_cathedral,train,5,source
07008.png,gaudi_casa_batllo_barcelona,val,7,source
03042_aug_0.png,rialto_bridge,train,2,source
00766_aug_0.png,berlin_cathedral,train,5,source
07098.png,gaudi_casa_batllo_barcelona,val,7,source
03427_aug_0.png,hagia_sophia,train,6,source
08778.png,gaudi_casa_batllo_barcelona,test,7,source
07192.png,rialto_bridge,val,2,source
06541_aug_0.png,petronas_towers,train,1,source
09817.png,hagia_sophia,test,6,source
07179.png,st_stephen_cathedral_vienna,val,4,source
03750_aug_0.png,colosseum,train,0,source
05770_aug_0.png,colosseum,train,0,source
02717_aug_0.png,hagia_sophia,train,6,source
01888_aug_0.png,gaudi_casa_batllo_barcelona,train,7,source
09698.png,gaudi_casa_batllo_barcelona,test,7,source
04303_aug_0.png,museu_nacional_dart_de_catalunya,train,3,source
00021_aug_0.png,petronas_towers,train,1,source
08299.png,st_stephen_cathedral_vienna,val,4,source
07313.png,museu_nacional_dart_de_catalunya,val,3,source
04671_aug_0.png,petronas_towers,train,1,source
08981.png,petronas_towers,test,1,source
05728_aug_0.png,gaudi_casa_batllo_barcelona,train,7,source
03933_aug_0.png,museu_nacional_dart_de_catalunya,train,3,source
01148_aug_0.png,gaudi_casa_batllo_barcelona,train,7,source
07579.png,st_stephen_cathedral_vienna,val,4,source
05266_aug_0.png,berlin_cathedral,train,5,source
07280.png,colosseum,val,0,source
03753_aug_0.png,museu_nacional_dart_de_catalunya,train,3,source
08989.png,st_stephen_cathedral_vienna,test,4,source
07738.png,gaudi_casa_batllo_barcelona,val,7,source
06040_aug_0.png,colosseum,train,0,source
02233_aug_0.png,museu_nacional_dart_de_catalunya,train,3,source
05842_aug_0.png,rialto_bridge,train,2,source
07212.png,rialto_bridge,val,2,source
05247_aug_0.png,hagia_sophia,train,6,source
04953_aug_0.png,museu_nacional_dart_de_catalunya,train,3,source
09863.png,museu_nacional_dart_de_catalunya,test,3,source
05670_aug_0.png,colosseum,train,0,source
03176_aug_0.png,berlin_cathedral,train,5,source
02073_aug_0.png,museu_nacional_dart_de_catalunya,train,3,source
00166_aug_0.png,berlin_cathedral,train,5,source
06301_aug_0.png,petronas_towers,train,1,source
06562_aug_0.png,rialto_bridge,train,2,source
01216_aug_0.png,berlin_cathedral,train,5,source
04681_aug_0.png,petronas_towers,train,1,source
01819_aug_0.png,st_stephen_cathedral_vienna,train,4,source
08022.png,rialto_bridge,val,2,source
00798_aug_0.png,gaudi_casa_batllo_barcelona,train,7,source
00986_aug_0.png,berlin_cathedral,train,5,source
08471.png,petronas_towers,val,1,source
01393_aug_0.png,museu_nacional_dart_de_catalunya,train,3,source
04852_aug_0.png,rialto_bridge,train,2,source
07288.png,gaudi_casa_batllo_barcelona,val,7,source
03608_aug_0.png,gaudi_casa_batllo_barcelona,train,7,source
02037_aug_0.png,hagia_sophia,train,6,source
09830.png,colosseum,test,0,source
01026_aug_0.png,berlin_cathedral,train,5,source
01672_aug_0.png,rialto_bridge,train,2,source
01309_aug_0.png,st_stephen_cathedral_vienna,train,4,source
05319_aug_0.png,st_stephen_cathedral_vienna,train,4,source
00757_aug_0.png,hagia_sophia,train,6,source
07796.png,berlin_cathedral,val,5,source
02550_aug_0.png,colosseum,train,0,source
07317.png,hagia_sophia,val,6,source
09120.png,colosseum,test,0,source
09909.png,st_stephen_cathedral_vienna,test,4,source
04150_aug_0.png,colosseum,train,0,source
09487.png,hagia_sophia,test,6,source
07483.png,museu_nacional_dart_de_catalunya,val,3,source
07379.png,st_stephen_cathedral_vienna,val,4,source
04750_aug_0.png,colosseum,train,0,source
06702_aug_0.png,rialto_bridge,train,2,source
09937.png,hagia_sophia,test,6,source
02862_aug_0.png,rialto_bridge,train,2,source
01599_aug_0.png,st_stephen_cathedral_vienna,train,4,source
01628_aug_0.png,gaudi_casa_batllo_barcelona,train,7,source
07651.png,petronas_towers,val,1,source
01747_aug_0.png,hagia_sophia,train,6,source
02102_aug_0.png,rialto_bridge,train,2,source
09503.png,museu_nacional_dart_de_catalunya,test,3,source
04962_aug_0.png,rialto_bridge,train,2,source
04900_aug_0.png,colosseum,train,0,source
02723_aug_0.png,museu_nacional_dart_de_catalunya,train,3,source
07001.png,petronas_towers,val,1,source
08027.png,hagia_sophia,val,6,source
04348_aug_0.png,gaudi_casa_batllo_barcelona,train,7,source
07513.png,museu_nacional_dart_de_catalunya,val,3,source
03157_aug_0.png,hagia_sophia,train,6,source
00120_aug_0.png,colosseum,train,0,source
06949_aug_0.png,st_stephen_cathedral_vienna,train,4,source
04652_aug_0.png,rialto_bridge,train,2,source
02609_aug_0.png,st_stephen_cathedral_vienna,train,4,source
02261_aug_0.png,petronas_towers,train,1,source
00572_aug_0.png,rialto_bridge,train,2,source
03866_aug_0.png,berlin_cathedral,train,5,source
08466.png,berlin_cathedral,val,5,source
01388_aug_0.png,gaudi_casa_batllo_barcelona,train,7,source
04790_aug_0.png,colosseum,train,0,source
07646.png,berlin_cathedral,val,5,source
07982.png,rialto_bridge,val,2,source
00333_aug_0.png,museu_nacional_dart_de_catalunya,train,3,source
08078.png,gaudi_casa_batllo_barcelona,val,7,source
06248_aug_0.png,gaudi_casa_batllo_barcelona,train,7,source
08472.png,rialto_bridge,val,2,source
02443_aug_0.png,museu_nacional_dart_de_catalunya,train,3,source
02839_aug_0.png,st_stephen_cathedral_vienna,train,4,source
07602.png,rialto_bridge,val,2,source
08229.png,st_stephen_cathedral_vienna,val,4,source
04630_aug_0.png,colosseum,train,0,source
00386_aug_0.png,berlin_cathedral,train,5,source
03271_aug_0.png,petronas_towers,train,1,source
08019.png,st_stephen_cathedral_vienna,val,4,source
00501_aug_0.png,petronas_towers,train,1,source
01588_aug_0.png,gaudi_casa_batllo_barcelona,train,7,source
04331_aug_0.png,petronas_towers,train,1,source
08867.png,hagia_sophia,test,6,source
03706_aug_0.png,berlin_cathedral,train,5,source
09496.png,berlin_cathedral,test,5,source
02482_aug_0.png,rialto_bridge,train,2,source
06323_aug_0.png,museu_nacional_dart_de_catalunya,train,3,source
07653.png,museu_nacional_dart_de_catalunya,val,3,source
08948.png,gaudi_casa_batllo_barcelona,test,7,source
03132_aug_0.png,rialto_bridge,train,2,source
04038_aug_0.png,gaudi_casa_batllo_barcelona,train,7,source
01996_aug_0.png,berlin_cathedral,train,5,source
07300.png,colosseum,val,0,source
05139_aug_0.png,st_stephen_cathedral_vienna,train,4,source
07913.png,museu_nacional_dart_de_catalunya,val,3,source
08310.png,colosseum,val,0,source
08992.png,rialto_bridge,test,2,source
07589.png,st_stephen_cathedral_vienna,val,4,source
09736.png,berlin_cathedral,test,5,source
08303.png,museu_nacional_dart_de_catalunya,val,3,source
07073.png,museu_nacional_dart_de_catalunya,val,3,source
06669_aug_0.png,st_stephen_cathedral_vienna,train,4,source
07592.png,rialto_bridge,val,2,source
06681_aug_0.png,petronas_towers,train,1,source
05090_aug_0.png,colosseum,train,0,source
09533.png,museu_nacional_dart_de_catalunya,test,3,source
02566_aug_0.png,berlin_cathedral,train,5,source
00441_aug_0.png,petronas_towers,train,1,source
00872_aug_0.png,rialto_bridge,train,2,source
04449_aug_0.png,st_stephen_cathedral_vienna,train,4,source
09507.png,hagia_sophia,test,6,source
05993_aug_0.png,museu_nacional_dart_de_catalunya,train,3,source
03810_aug_0.png,colosseum,train,0,source
05248_aug_0.png,gaudi_casa_batllo_barcelona,train,7,source
09210.png,colosseum,test,0,source
09032.png,rialto_bridge,test,2,source
05046_aug_0.png,berlin_cathedral,train,5,source
06586_aug_0.png,berlin_cathedral,train,5,source
07307.png,hagia_sophia,val,6,source
00276_aug_0.png,berlin_cathedral,train,5,source
08256.png,berlin_cathedral,val,5,source
09751.png,petronas_towers,test,1,source
00368_aug_0.png,gaudi_casa_batllo_barcelona,train,7,source
00809_aug_0.png,st_stephen_cathedral_vienna,train,4,source
08069.png,st_stephen_cathedral_vienna,val,4,source
07069.png,st_stephen_cathedral_vienna,val,4,source
09740.png,colosseum,test,0,source
06446_aug_0.png,berlin_cathedral,train,5,source
04903_aug_0.png,museu_nacional_dart_de_catalunya,train,3,source
06412_aug_0.png,rialto_bridge,train,2,source
04249_aug_0.png,st_stephen_cathedral_vienna,train,4,source
04991_aug_0.png,petronas_towers,train,1,source
08448.png,gaudi_casa_batllo_barcelona,val,7,source
01802_aug_0.png,rialto_bridge,train,2,source
09119.png,st_stephen_cathedral_vienna,test,4,source
04326_aug_0.png,berlin_cathedral,train,5,source
05178_aug_0.png,gaudi_casa_batllo_barcelona,train,7,source
05710_aug_0.png,colosseum,train,0,source
04380_aug_0.png,colosseum,train,0,source
08692.png,rialto_bridge,test,2,source
07556.png,berlin_cathedral,val,5,source
08872.png,rialto_bridge,test,2,source
08771.png,petronas_towers,test,1,source
08127.png,hagia_sophia,val,6,source
01350_aug_0.png,colosseum,train,0,source
01229_aug_0.png,st_stephen_cathedral_vienna,train,4,source
01576_aug_0.png,berlin_cathedral,train,5,source
04336_aug_0.png,berlin_cathedral,train,5,source
06170_aug_0.png,colosseum,train,0,source
07200.png,colosseum,val,0,source
07728.png,gaudi_casa_batllo_barcelona,val,7,source
02277_aug_0.png,hagia_sophia,train,6,source
03972_aug_0.png,rialto_bridge,train,2,source
08781.png,petronas_towers,test,1,source
02329_aug_0.png,st_stephen_cathedral_vienna,train,4,source
07260.png,colosseum,val,0,source
07910.png,colosseum,val,0,source
01667_aug_0.png,hagia_sophia,train,6,source
09289.png,st_stephen_cathedral_vienna,test,4,source
06891_aug_0.png,petronas_towers,train,1,source
09899.png,st_stephen_cathedral_vienna,test,4,source
08428.png,gaudi_casa_batllo_barcelona,val,7,source
04736_aug_0.png,berlin_cathedral,train,5,source
09896.png,berlin_cathedral,test,5,source
08228.png,gaudi_casa_batllo_barcelona,val,7,source
08932.png,rialto_bridge,test,2,source
04268_aug_0.png,gaudi_casa_batllo_barcelona,train,7,source
09979.png,st_stephen_cathedral_vienna,test,4,source
05052_aug_0.png,rialto_bridge,train,2,source
08570.png,colosseum,test,0,source
01277_aug_0.png,hagia_sophia,train,6,source
09026.png,berlin_cathedral,test,5,source
06496_aug_0.png,berlin_cathedral,train,5,source
04961_aug_0.png,petronas_towers,train,1,source
04977_aug_0.png,hagia_sophia,train,6,source
07446.png,berlin_cathedral,val,5,source
08977.png,hagia_sophia,test,6,source
00699_aug_0.png,st_stephen_cathedral_vienna,train,4,source
09071.png,petronas_towers,test,1,source
06281_aug_0.png,petronas_towers,train,1,source
03603_aug_0.png,museu_nacional_dart_de_catalunya,train,3,source
06700_aug_0.png,colosseum,train,0,source
00041_aug_0.png,petronas_towers,train,1,source
01069_aug_0.png,st_stephen_cathedral_vienna,train,4,source
04292_aug_0.png,rialto_bridge,train,2,source
05873_aug_0.png,museu_nacional_dart_de_catalunya,train,3,source
06756_aug_0.png,berlin_cathedral,train,5,source
07239.png,st_stephen_cathedral_vienna,val,4,source
02501_aug_0.png,petronas_towers,train,1,source
03669_aug_0.png,st_stephen_cathedral_vienna,train,4,source
01122_aug_0.png,rialto_bridge,train,2,source
08561.png,petronas_towers,test,1,source
07463.png,museu_nacional_dart_de_catalunya,val,3,source
01147_aug_0.png,hagia_sophia,train,6,source
08333.png,museu_nacional_dart_de_catalunya,val,3,source
07838.png,gaudi_casa_batllo_barcelona,val,7,source
09406.png,berlin_cathedral,test,5,source
08408.png,gaudi_casa_batllo_barcelona,val,7,source
06991_aug_0.png,petronas_towers,train,1,source
09826.png,berlin_cathedral,test,5,source
05279_aug_0.png,st_stephen_cathedral_vienna,train,4,source
07471.png,petronas_towers,val,1,source
06716_aug_0.png,berlin_cathedral,train,5,source
02976_aug_0.png,berlin_cathedral,train,5,source
04902_aug_0.png,rialto_bridge,train,2,source
06782_aug_0.png,rialto_bridge,train,2,source
06619_aug_0.png,st_stephen_cathedral_vienna,train,4,source
00657_aug_0.png,hagia_sophia,train,6,source
08697.png,hagia_sophia,test,6,source
03289_aug_0.png,st_stephen_cathedral_vienna,train,4,source
05370_aug_0.png,colosseum,train,0,source
04730_aug_0.png,colosseum,train,0,source
02751_aug_0.png,petronas_towers,train,1,source
08421.png,petronas_towers,val,1,source
03663_aug_0.png,museu_nacional_dart_de_catalunya,train,3,source
07583.png,museu_nacional_dart_de_catalunya,val,3,source
07727.png,hagia_sophia,val,6,source
07618.png,gaudi_casa_batllo_barcelona,val,7,source
01473_aug_0.png,museu_nacional_dart_de_catalunya,train,3,source
05429_aug_0.png,st_stephen_cathedral_vienna,train,4,source
04032_aug_0.png,rialto_bridge,train,2,source
01690_aug_0.png,colosseum,train,0,source
09793.png,museu_nacional_dart_de_catalunya,test,3,source
03301_aug_0.png,petronas_towers,train,1,source
03277_aug_0.png,hagia_sophia,train,6,source
06962_aug_0.png,rialto_bridge,train,2,source
05173_aug_0.png,museu_nacional_dart_de_catalunya,train,3,source
09807.png,hagia_sophia,test,6,source
04829_aug_0.png,st_stephen_cathedral_vienna,train,4,source
07309.png,st_stephen_cathedral_vienna,val,4,source
06768_aug_0.png,gaudi_casa_batllo_barcelona,train,7,source
05709_aug_0.png,st_stephen_cathedral_vienna,train,4,source
08900.png,colosseum,test,0,source
04110_aug_0.png,colosseum,train,0,source
04317_aug_0.png,hagia_sophia,train,6,source
07937.png,hagia_sophia,val,6,source
03110_aug_0.png,colosseum,train,0,source
06858_aug_0.png,gaudi_casa_batllo_barcelona,train,7,source
09521.png,petronas_towers,test,1,source
00259_aug_0.png,st_stephen_cathedral_vienna,train,4,source
05886_aug_0.png,berlin_cathedral,train,5,source
08347.png,hagia_sophia,val,6,source
02393_aug_0.png,museu_nacional_dart_de_catalunya,train,3,source
01940_aug_0.png,colosseum,train,0,source
01150_aug_0.png,colosseum,train,0,source
08567.png,hagia_sophia,test,6,source
06943_aug_0.png,museu_nacional_dart_de_catalunya,train,3,source
08828.png,gaudi_casa_batllo_barcelona,test,7,source
04772_aug_0.png,rialto_bridge,train,2,source
08538.png,gaudi_casa_batllo_barcelona,test,7,source
08488.png,gaudi_casa_batllo_barcelona,val,7,source
09490.png,colosseum,test,0,source
08126.png,berlin_cathedral,val,5,source
04107_aug_0.png,hagia_sophia,train,6,source
08189.png,st_stephen_cathedral_vienna,val,4,source
07931.png,petronas_towers,val,1,source
07368.png,gaudi_casa_batllo_barcelona,val,7,source
08073.png,museu_nacional_dart_de_catalunya,val,3,source
00709_aug_0.png,st_stephen_cathedral_vienna,train,4,source
07138.png,gaudi_casa_batllo_barcelona,val,7,source
03167_aug_0.png,hagia_sophia,train,6,source
01530_aug_0.png,colosseum,train,0,source
08610.png,colosseum,test,0,source
00323_aug_0.png,museu_nacional_dart_de_catalunya,train,3,source
07976.png,berlin_cathedral,val,5,source
08068.png,gaudi_casa_batllo_barcelona,val,7,source
02487_aug_0.png,hagia_sophia,train,6,source
01770_aug_0.png,colosseum,train,0,source
08120.png,colosseum,val,0,source
00341_aug_0.png,petronas_towers,train,1,source
02121_aug_0.png,petronas_towers,train,1,source
07850.png,colosseum,val,0,source
05930_aug_0.png,colosseum,train,0,source
09659.png,st_stephen_cathedral_vienna,test,4,source
03398_aug_0.png,gaudi_casa_batllo_barcelona,train,7,source
09827.png,hagia_sophia,test,6,source
02770_aug_0.png,colosseum,train,0,source
05049_aug_0.png,st_stephen_cathedral_vienna,train,4,source
08096.png,berlin_cathedral,val,5,source
04609_aug_0.png,st_stephen_cathedral_vienna,train,4,source
05159_aug_0.png,st_stephen_cathedral_vienna,train,4,source
09831.png,petronas_towers,test,1,source
09622.png,rialto_bridge,test,2,source
05088_aug_0.png,gaudi_casa_batllo_barcelona,train,7,source
05382_aug_0.png,rialto_bridge,train,2,source
09677.png,hagia_sophia,test,6,source
09139.png,st_stephen_cathedral_vienna,test,4,source
07988.png,gaudi_casa_batllo_barcelona,val,7,source
08380.png,colosseum,val,0,source
04676_aug_0.png,berlin_cathedral,train,5,source
09753.png,museu_nacional_dart_de_catalunya,test,3,source
00240_aug_0.png,colosseum,train,0,source
02570_aug_0.png,colosseum,train,0,source
06261_aug_0.png,petronas_towers,train,1,source
05839_aug_0.png,st_stephen_cathedral_vienna,train,4,source
03930_aug_0.png,colosseum,train,0,source
02913_aug_0.png,museu_nacional_dart_de_catalunya,train,3,source
06287_aug_0.png,hagia_sophia,train,6,source
06340_aug_0.png,colosseum,train,0,source
04929_aug_0.png,st_stephen_cathedral_vienna,train,4,source
09859.png,st_stephen_cathedral_vienna,test,4,source
06101_aug_0.png,petronas_towers,train,1,source
09300.png,colosseum,test,0,source
02657_aug_0.png,hagia_sophia,train,6,source
05807_aug_0.png,hagia_sophia,train,6,source
08810.png,colosseum,test,0,source
09129.png,st_stephen_cathedral_vienna,test,4,source
04341_aug_0.png,petronas_towers,train,1,source
05731_aug_0.png,petronas_towers,train,1,source
07181.png,petronas_towers,val,1,source
07996.png,berlin_cathedral,val,5,source
08743.png,museu_nacional_dart_de_catalunya,test,3,source
08739.png,st_stephen_cathedral_vienna,test,4,source
05220_aug_0.png,colosseum,train,0,source
08141.png,petronas_towers,val,1,source
09072.png,rialto_bridge,test,2,source
02831_aug_0.png,petronas_towers,train,1,source
07281.png,petronas_towers,val,1,source
05590_aug_0.png,colosseum,train,0,source
08186.png,berlin_cathedral,val,5,source
02308_aug_0.png,gaudi_casa_batllo_barcelona,train,7,source
04118_aug_0.png,gaudi_casa_batllo_barcelona,train,7,source
03526_aug_0.png,berlin_cathedral,train,5,source
06760_aug_0.png,colosseum,train,0,source
04713_aug_0.png,museu_nacional_dart_de_catalunya,train,3,source
04519_aug_0.png,st_stephen_cathedral_vienna,train,4,source
08600.png,colosseum,test,0,source
00483_aug_0.png,museu_nacional_dart_de_catalunya,train,3,source
08747.png,hagia_sophia,test,6,source
02079_aug_0.png,st_stephen_cathedral_vienna,train,4,source
08579.png,st_stephen_cathedral_vienna,test,4,source
09080.png,colosseum,test,0,source
04473_aug_0.png,museu_nacional_dart_de_catalunya,train,3,source
03486_aug_0.png,berlin_cathedral,train,5,source
05193_aug_0.png,museu_nacional_dart_de_catalunya,train,3,source
08602.png,rialto_bridge,test,2,source
02563_aug_0.png,museu_nacional_dart_de_catalunya,train,3,source
02582_aug_0.png,rialto_bridge,train,2,source
09352.png,rialto_bridge,test,2,source
00190_aug_0.png,colosseum,train,0,source
09616.png,berlin_cathedral,test,5,source
02311_aug_0.png,petronas_towers,train,1,source
09729.png,st_stephen_cathedral_vienna,test,4,source
05453_aug_0.png,museu_nacional_dart_de_catalunya,train,3,source
09578.png,gaudi_casa_batllo_barcelona,test,7,source
03339_aug_0.png,st_stephen_cathedral_vienna,train,4,source
04727_aug_0.png,hagia_sophia,train,6,source
07668.png,gaudi_casa_batllo_barcelona,val,7,source
00796_aug_0.png,berlin_cathedral,train,5,source
07283.png,museu_nacional_dart_de_catalunya,val,3,source
07039.png,st_stephen_cathedral_vienna,val,4,source
00741_aug_0.png,petronas_towers,train,1,source
04693_aug_0.png,museu_nacional_dart_de_catalunya,train,3,source
09297.png,hagia_sophia,test,6,source
04496_aug_0.png,berlin_cathedral,train,5,source
07762.png,rialto_bridge,val,2,source
09341.png,petronas_towers,test,1,source
01863_aug_0.png,museu_nacional_dart_de_catalunya,train,3,source
07666.png,berlin_cathedral,val,5,source
08630.png,colosseum,test,0,source
00156_aug_0.png,berlin_cathedral,train,5,source
09840.png,colosseum,test,0,source
08387.png,hagia_sophia,val,6,source
07338.png,gaudi_casa_batllo_barcelona,val,7,source
09086.png,berlin_cathedral,test,5,source
07676.png,berlin_cathedral,val,5,source
08077.png,hagia_sophia,val,6,source
07187.png,hagia_sophia,val,6,source
02949_aug_0.png,st_stephen_cathedral_vienna,train,4,source
01398_aug_0.png,gaudi_casa_batllo_barcelona,train,7,source
03578_aug_0.png,gaudi_casa_batllo_barcelona,train,7,source
07459.png,st_stephen_cathedral_vienna,val,4,source
07337.png,hagia_sophia,val,6,source
09988.png,gaudi_casa_batllo_barcelona,test,7,source
07257.png,hagia_sophia,val,6,source
07443.png,museu_nacional_dart_de_catalunya,val,3,source
03752_aug_0.png,rialto_bridge,train,2,source
00826_aug_0.png,berlin_cathedral,train,5,source
08357.png,hagia_sophia,val,6,source
08270.png,colosseum,val,0,source
08737.png,hagia_sophia,test,6,source
08113.png,museu_nacional_dart_de_catalunya,val,3,source
04767_aug_0.png,hagia_sophia,train,6,source
07116.png,berlin_cathedral,val,5,source
05468_aug_0.png,gaudi_casa_batllo_barcelona,train,7,source
06449_aug_0.png,st_stephen_cathedral_vienna,train,4,source
02902_aug_0.png,rialto_bridge,train,2,source
01882_aug_0.png,rialto_bridge,train,2,source
04209_aug_0.png,st_stephen_cathedral_vienna,train,4,source
00681_aug_0.png,petronas_towers,train,1,source
00892_aug_0.png,rialto_bridge,train,2,source
01710_aug_0.png,colosseum,train,0,source
08952.png,rialto_bridge,test,2,source
08029.png,st_stephen_cathedral_vienna,val,4,source
08369.png,st_stephen_cathedral_vienna,val,4,source
07170.png,colosseum,val,0,source
03326_aug_0.png,berlin_cathedral,train,5,source
07580.png,colosseum,val,0,source
09468.png,gaudi_casa_batllo_barcelona,test,7,source
07277.png,hagia_sophia,val,6,source
04817_aug_0.png,hagia_sophia,train,6,source
05959_aug_0.png,st_stephen_cathedral_vienna,train,4,source
05896_aug_0.png,berlin_cathedral,train,5,source
04220_aug_0.png,colosseum,train,0,source
08526.png,berlin_cathedral,test,5,source
05917_aug_0.png,hagia_sophia,train,6,source
03569_aug_0.png,st_stephen_cathedral_vienna,train,4,source
01910_aug_0.png,colosseum,train,0,source
06221_aug_0.png,petronas_towers,train,1,source
02508_aug_0.png,gaudi_casa_batllo_barcelona,train,7,source
07971.png,petronas_towers,val,1,source
07823.png,museu_nacional_dart_de_catalunya,val,3,source
03472_aug_0.png,rialto_bridge,train,2,source
08093.png,museu_nacional_dart_de_catalunya,val,3,source
05857_aug_0.png,hagia_sophia,train,6,source
01469_aug_0.png,st_stephen_cathedral_vienna,train,4,source
08738.png,gaudi_casa_batllo_barcelona,test,7,source
09549.png,st_stephen_cathedral_vienna,test,4,source
07126.png,berlin_cathedral,val,5,source
06086_aug_0.png,berlin_cathedral,train,5,source
05412_aug_0.png,rialto_bridge,train,2,source
06283_aug_0.png,museu_nacional_dart_de_catalunya,train,3,source
06796_aug_0.png,berlin_cathedral,train,5,source
07799.png,st_stephen_cathedral_vienna,val,4,source
02850_aug_0.png,colosseum,train,0,source
05650_aug_0.png,colosseum,train,0,source
04850_aug_0.png,colosseum,train,0,source
02470_aug_0.png,colosseum,train,0,source
09897.png,hagia_sophia,test,6,source
09126.png,berlin_cathedral,test,5,source
01039_aug_0.png,st_stephen_cathedral_vienna,train,4,source
01436_aug_0.png,berlin_cathedral,train,5,source
08462.png,rialto_bridge,val,2,source
07681.png,petronas_towers,val,1,source
03923_aug_0.png,museu_nacional_dart_de_catalunya,train,3,source
09700.png,colosseum,test,0,source
05929_aug_0.png,st_stephen_cathedral_vienna,train,4,source
05971_aug_0.png,petronas_towers,train,1,source
04063_aug_0.png,museu_nacional_dart_de_catalunya,train,3,source
07558.png,gaudi_casa_batllo_barcelona,val,7,source
09089.png,st_stephen_cathedral_vienna,test,4,source
08740.png,colosseum,test,0,source
02691_aug_0.png,petronas_towers,train,1,source
06381_aug_0.png,petronas_towers,train,1,source
03932_aug_0.png,rialto_bridge,train,2,source
02159_aug_0.png,st_stephen_cathedral_vienna,train,4,source
08330.png,colosseum,val,0,source
00388_aug_0.png,gaudi_casa_batllo_barcelona,train,7,source
00887_aug_0.png,hagia_sophia,train,6,source
03696_aug_0.png,berlin_cathedral,train,5,source
09599.png,st_stephen_cathedral_vienna,test,4,source
09980.png,colosseum,test,0,source
05922_aug_0.png,rialto_bridge,train,2,source
07371.png,petronas_towers,val,1,source
09712.png,rialto_bridge,test,2,source
01872_aug_0.png,rialto_bridge,train,2,source
07767.png,hagia_sophia,val,6,source
08243.png,museu_nacional_dart_de_catalunya,val,3,source
07763.png,museu_nacional_dart_de_catalunya,val,3,source
02363_aug_0.png,museu_nacional_dart_de_catalunya,train,3,source
07940.png,colosseum,val,0,source
06433_aug_0.png,museu_nacional_dart_de_catalunya,train,3,source
07210.png,colosseum,val,0,source
01376_aug_0.png,berlin_cathedral,train,5,source
00701_aug_0.png,petronas_towers,train,1,source
03869_aug_0.png,st_stephen_cathedral_vienna,train,4,source
00700_aug_0.png,colosseum,train,0,source
03013_aug_0.png,museu_nacional_dart_de_catalunya,train,3,source
09710.png,colosseum,test,0,source
02243_aug_0.png,museu_nacional_dart_de_catalunya,train,3,source
05663_aug_0.png,museu_nacional_dart_de_catalunya,train,3,source
07071.png,petronas_towers,val,1,source
01466_aug_0.png,berlin_cathedral,train,5,source
01421_aug_0.png,petronas_towers,train,1,source
01991_aug_0.png,petronas_towers,train,1,source
00330_aug_0.png,colosseum,train,0,source
02667_aug_0.png,hagia_sophia,train,6,source
00203_aug_0.png,museu_nacional_dart_de_catalunya,train,3,source
09017.png,hagia_sophia,test,6,source
02878_aug_0.png,gaudi_casa_batllo_barcelona,train,7,source
08137.png,hagia_sophia,val,6,source
07393.png,museu_nacional_dart_de_catalunya,val,3,source
03123_aug_0.png,museu_nacional_dart_de_catalunya,train,3,source
00010_aug_0.png,colosseum,train,0,source
01573_aug_0.png,museu_nacional_dart_de_catalunya,train,3,source
00729_aug_0.png,st_stephen_cathedral_vienna,train,4,source
06581_aug_0.png,petronas_towers,train,1,source
01487_aug_0.png,hagia_sophia,train,6,source
09943.png,museu_nacional_dart_de_catalunya,test,3,source
03481_aug_0.png,petronas_towers,train,1,source
09223.png,museu_nacional_dart_de_catalunya,test,3,source
02043_aug_0.png,museu_nacional_dart_de_catalunya,train,3,source
04172_aug_0.png,rialto_bridge,train,2,source
02613_aug_0.png,museu_nacional_dart_de_catalunya,train,3,source
08167.png,hagia_sophia,val,6,source
09238.png,gaudi_casa_batllo_barcelona,test,7,source
06672_aug_0.png,rialto_bridge,train,2,source
05492_aug_0.png,rialto_bridge,train,2,source
09838.png,gaudi_casa_batllo_barcelona,test,7,source
07977.png,hagia_sophia,val,6,source
00230_aug_0.png,colosseum,train,0,source
01769_aug_0.png,st_stephen_cathedral_vienna,train,4,source
05010_aug_0.png,colosseum,train,0,source
06436_aug_0.png,berlin_cathedral,train,5,source
07042.png,rialto_bridge,val,2,source
01993_aug_0.png,museu_nacional_dart_de_catalunya,train,3,source
01932_aug_0.png,rialto_bridge,train,2,source
04289_aug_0.png,st_stephen_cathedral_vienna,train,4,source
07908.png,gaudi_casa_batllo_barcelona,val,7,source
02112_aug_0.png,rialto_bridge,train,2,source
02826_aug_0.png,berlin_cathedral,train,5,source
04332_aug_0.png,rialto_bridge,train,2,source
02318_aug_0.png,gaudi_casa_batllo_barcelona,train,7,source
06826_aug_0.png,berlin_cathedral,train,5,source
06537_aug_0.png,hagia_sophia,train,6,source
08557.png,hagia_sophia,test,6,source
07696.png,berlin_cathedral,val,5,source
02293_aug_0.png,museu_nacional_dart_de_catalunya,train,3,source
07567.png,hagia_sophia,val,6,source
02310_aug_0.png,colosseum,train,0,source
08049.png,st_stephen_cathedral_vienna,val,4,source
01059_aug_0.png,st_stephen_cathedral_vienna,train,4,source
09822.png,rialto_bridge,test,2,source
08012.png,rialto_bridge,val,2,source
01826_aug_0.png,berlin_cathedral,train,5,source
07489.png,st_stephen_cathedral_vienna,val,4,source
08180.png,colosseum,val,0,source
09510.png,colosseum,test,0,source
05352_aug_0.png,rialto_bridge,train,2,source
01731_aug_0.png,petronas_towers,train,1,source
05373_aug_0.png,museu_nacional_dart_de_catalunya,train,3,source
03597_aug_0.png,hagia_sophia,train,6,source
08231.png,petronas_towers,val,1,source
02032_aug_0.png,rialto_bridge,train,2,source
03199_aug_0.png,st_stephen_cathedral_vienna,train,4,source
03089_aug_0.png,st_stephen_cathedral_vienna,train,4,source
05943_aug_0.png,museu_nacional_dart_de_catalunya,train,3,source
09566.png,berlin_cathedral,test,5,source
03001_aug_0.png,petronas_towers,train,1,source
02291_aug_0.png,petronas_towers,train,1,source
08633.png,museu_nacional_dart_de_catalunya,test,3,source
00142_aug_0.png,rialto_bridge,train,2,source
08481.png,petronas_towers,val,1,source
07326.png,berlin_cathedral,val,5,source
05777_aug_0.png,hagia_sophia,train,6,source
07089.png,st_stephen_cathedral_vienna,val,4,source
08139.png,st_stephen_cathedral_vienna,val,4,source
02518_aug_0.png,gaudi_casa_batllo_barcelona,train,7,source
02242_aug_0.png,rialto_bridge,train,2,source
07826.png,berlin_cathedral,val,5,source
08789.png,st_stephen_cathedral_vienna,test,4,source
01158_aug_0.png,gaudi_casa_batllo_barcelona,train,7,source
04402_aug_0.png,rialto_bridge,train,2,source
08447.png,hagia_sophia,val,6,source
00161_aug_0.png,petronas_towers,train,1,source
05502_aug_0.png,rialto_bridge,train,2,source
07526.png,berlin_cathedral,val,5,source
00450_aug_0.png,colosseum,train,0,source
04959_aug_0.png,st_stephen_cathedral_vienna,train,4,source
09782.png,rialto_bridge,test,2,source
07321.png,petronas_towers,val,1,source
06276_aug_0.png,berlin_cathedral,train,5,source
03589_aug_0.png,st_stephen_cathedral_vienna,train,4,source
00153_aug_0.png,museu_nacional_dart_de_catalunya,train,3,source
00797_aug_0.png,hagia_sophia,train,6,source
06067_aug_0.png,hagia_sophia,train,6,source
00569_aug_0.png,st_stephen_cathedral_vienna,train,4,source
03312_aug_0.png,rialto_bridge,train,2,source
08132.png,rialto_bridge,val,2,source
03922_aug_0.png,rialto_bridge,train,2,source
09868.png,gaudi_casa_batllo_barcelona,test,7,source
09257.png,hagia_sophia,test,6,source
02586_aug_0.png,berlin_cathedral,train,5,source
03971_aug_0.png,petronas_towers,train,1,source
07413.png,museu_nacional_dart_de_catalunya,val,3,source
07449.png,st_stephen_cathedral_vienna,val,4,source
02763_aug_0.png,museu_nacional_dart_de_catalunya,train,3,source
09481.png,petronas_towers,test,1,source
02690_aug_0.png,colosseum,train,0,source
04082_aug_0.png,rialto_bridge,train,2,source
07078.png,gaudi_casa_batllo_barcelona,val,7,source
07540.png,colosseum,val,0,source
02719_aug_0.png,st_stephen_cathedral_vienna,train,4,source
03448_aug_0.png,gaudi_casa_batllo_barcelona,train,7,source
07886.png,berlin_cathedral,val,5,source
05851_aug_0.png,petronas_towers,train,1,source
03650_aug_0.png,colosseum,train,0,source
09876.png,berlin_cathedral,test,5,source
07918.png,gaudi_casa_batllo_barcelona,val,7,source
09450.png,colosseum,test,0,source
03251_aug_0.png,petronas_towers,train,1,source
07783.png,museu_nacional_dart_de_catalunya,val,3,source
01999_aug_0.png,st_stephen_cathedral_vienna,train,4,source
07221.png,petronas_towers,val,1,source
07586.png,berlin_cathedral,val,5,source
08342.png,rialto_bridge,val,2,source
02123_aug_0.png,museu_nacional_dart_de_catalunya,train,3,source
09443.png,museu_nacional_dart_de_catalunya,test,3,source
03353_aug_0.png,museu_nacional_dart_de_catalunya,train,3,source
09997.png,hagia_sophia,test,6,source
05379_aug_0.png,st_stephen_cathedral_vienna,train,4,source
01417_aug_0.png,hagia_sophia,train,6,source
07896.png,berlin_cathedral,val,5,source
06686_aug_0.png,berlin_cathedral,train,5,source
08862.png,rialto_bridge,test,2,source
09683.png,museu_nacional_dart_de_catalunya,test,3,source
09722.png,rialto_bridge,test,2,source
09928.png,gaudi_casa_batllo_barcelona,test,7,source
01757_aug_0.png,hagia_sophia,train,6,source
04227_aug_0.png,hagia_sophia,train,6,source
04426_aug_0.png,berlin_cathedral,train,5,source
08271.png,petronas_towers,val,1,source
00891_aug_0.png,petronas_towers,train,1,source
00727_aug_0.png,hagia_sophia,train,6,source
09931.png,petronas_towers,test,1,source
02847_aug_0.png,hagia_sophia,train,6,source
03902_aug_0.png,rialto_bridge,train,2,source
00400_aug_0.png,colosseum,train,0,source
00576_aug_0.png,berlin_cathedral,train,5,source
07269.png,st_stephen_cathedral_vienna,val,4,source
04456_aug_0.png,berlin_cathedral,train,5,source
05831_aug_0.png,petronas_towers,train,1,source
09562.png,rialto_bridge,test,2,source
07372.png,rialto_bridge,val,2,source
07171.png,petronas_towers,val,1,source
00926_aug_0.png,berlin_cathedral,train,5,source
09663.png,museu_nacional_dart_de_catalunya,test,3,source
07009.png,st_stephen_cathedral_vienna,val,4,source
09296.png,berlin_cathedral,test,5,source
05643_aug_0.png,museu_nacional_dart_de_catalunya,train,3,source
01053_aug_0.png,museu_nacional_dart_de_catalunya,train,3,source
09558.png,gaudi_casa_batllo_barcelona,test,7,source
07229.png,st_stephen_cathedral_vienna,val,4,source
08959.png,st_stephen_cathedral_vienna,test,4,source
01860_aug_0.png,colosseum,train,0,source
00130_aug_0.png,colosseum,train,0,source
09399.png,st_stephen_cathedral_vienna,test,4,source
09060.png,colosseum,test,0,source
04340_aug_0.png,colosseum,train,0,source
07132.png,rialto_bridge,val,2,source
09553.png,museu_nacional_dart_de_catalunya,test,3,source
09851.png,petronas_towers,test,1,source
03170_aug_0.png,colosseum,train,0,source
09530.png,colosseum,test,0,source
06096_aug_0.png,berlin_cathedral,train,5,source
04370_aug_0.png,colosseum,train,0,source
08683.png,museu_nacional_dart_de_catalunya,test,3,source
08063.png,museu_nacional_dart_de_catalunya,val,3,source
04748_aug_0.png,gaudi_casa_batllo_barcelona,train,7,source
07238.png,gaudi_casa_batllo_barcelona,val,7,source
05012_aug_0.png,rialto_bridge,train,2,source
09971.png,petronas_towers,test,1,source
00416_aug_0.png,berlin_cathedral,train,5,source
09597.png,hagia_sophia,test,6,source
07900.png,colosseum,val,0,source
07381.png,petronas_towers,val,1,source
07899.png,st_stephen_cathedral_vienna,val,4,source
00367_aug_0.png,hagia_sophia,train,6,source
08583.png,museu_nacional_dart_de_catalunya,test,3,source
07031.png,petronas_towers,val,1,source
07786.png,berlin_cathedral,val,5,source
01298_aug_0.png,gaudi_casa_batllo_barcelona,train,7,source
08719.png,st_stephen_cathedral_vienna,test,4,source
08686.png,berlin_cathedral,test,5,source
08010.png,colosseum,val,0,source
01936_aug_0.png,berlin_cathedral,train,5,source
08729.png,st_stephen_cathedral_vienna,test,4,source
04417_aug_0.png,hagia_sophia,train,6,source
02022_aug_0.png,rialto_bridge,train,2,source
04429_aug_0.png,st_stephen_cathedral_vienna,train,4,source
07268.png,gaudi_casa_batllo_barcelona,val,7,source
01191_aug_0.png,petronas_towers,train,1,source
04458_aug_0.png,gaudi_casa_batllo_barcelona,train,7,source
06213_aug_0.png,museu_nacional_dart_de_catalunya,train,3,source
04461_aug_0.png,petronas_towers,train,1,source
02038_aug_0.png,gaudi_casa_batllo_barcelona,train,7,source
04576_aug_0.png,berlin_cathedral,train,5,source
01391_aug_0.png,petronas_towers,train,1,source
08336.png,berlin_cathedral,val,5,source
08621.png,petronas_towers,test,1,source
08798.png,gaudi_casa_batllo_barcelona,test,7,source
04316_aug_0.png,berlin_cathedral,train,5,source
00498_aug_0.png,gaudi_casa_batllo_barcelona,train,7,source
09236.png,berlin_cathedral,test,5,source
09410.png,colosseum,test,0,source
07081.png,petronas_towers,val,1,source
07233.png,museu_nacional_dart_de_catalunya,val,3,source
07048.png,gaudi_casa_batllo_barcelona,val,7,source
02872_aug_0.png,rialto_bridge,train,2,source
07017.png,hagia_sophia,val,6,source
06908_aug_0.png,gaudi_casa_batllo_barcelona,train,7,source
07453.png,museu_nacional_dart_de_catalunya,val,3,source
00621_aug_0.png,petronas_towers,train,1,source
03438_aug_0.png,gaudi_casa_batllo_barcelona,train,7,source
02848_aug_0.png,gaudi_casa_batllo_barcelona,train,7,source
07636.png,berlin_cathedral,val,5,source
09686.png,berlin_cathedral,test,5,source
03233_aug_0.png,museu_nacional_dart_de_catalunya,train,3,source
05976_aug_0.png,berlin_cathedral,train,5,source
08766.png,berlin_cathedral,test,5,source
00157_aug_0.png,hagia_sophia,train,6,source
03117_aug_0.png,hagia_sophia,train,6,source
00832_aug_0.png,rialto_bridge,train,2,source
07741.png,petronas_towers,val,1,source
01607_aug_0.png,hagia_sophia,train,6,source
07951.png,petronas_towers,val,1,source
00380_aug_0.png,colosseum,train,0,source
08152.png,rialto_bridge,val,2,source
00582_aug_0.png,rialto_bridge,train,2,source
09298.png,gaudi_casa_batllo_barcelona,test,7,source
00168_aug_0.png,gaudi_casa_batllo_barcelona,train,7,source
02009_aug_0.png,st_stephen_cathedral_vienna,train,4,source
05203_aug_0.png,museu_nacional_dart_de_catalunya,train,3,source
05401_aug_0.png,petronas_towers,train,1,source
01021_aug_0.png,petronas_towers,train,1,source
01861_aug_0.png,petronas_towers,train,1,source
03120_aug_0.png,colosseum,train,0,source
04688_aug_0.png,gaudi_casa_batllo_barcelona,train,7,source
02003_aug_0.png,museu_nacional_dart_de_catalunya,train,3,source
08533.png,museu_nacional_dart_de_catalunya,test,3,source
00273_aug_0.png,museu_nacional_dart_de_catalunya,train,3,source
07806.png,berlin_cathedral,val,5,source
03359_aug_0.png,st_stephen_cathedral_vienna,train,4,source
04573_aug_0.png,museu_nacional_dart_de_catalunya,train,3,source
04640_aug_0.png,colosseum,train,0,source
08267.png,hagia_sophia,val,6,source
02766_aug_0.png,berlin_cathedral,train,5,source
04610_aug_0.png,colosseum,train,0,source
07121.png,petronas_towers,val,1,source
04058_aug_0.png,gaudi_casa_batllo_barcelona,train,7,source
08969.png,st_stephen_cathedral_vienna,test,4,source
06180_aug_0.png,colosseum,train,0,source
09231.png,petronas_towers,test,1,source
09301.png,petronas_towers,test,1,source
00858_aug_0.png,gaudi_casa_batllo_barcelona,train,7,source
01590_aug_0.png,colosseum,train,0,source
03367_aug_0.png,hagia_sophia,train,6,source
02153_aug_0.png,museu_nacional_dart_de_catalunya,train,3,source
01046_aug_0.png,berlin_cathedral,train,5,source
07798.png,gaudi_casa_batllo_barcelona,val,7,source
07870.png,colosseum,val,0,source
06519_aug_0.png,st_stephen_cathedral_vienna,train,4,source
08553.png,museu_nacional_dart_de_catalunya,test,3,source
08966.png,berlin_cathedral,test,5,source
08053.png,museu_nacional_dart_de_catalunya,val,3,source
00560_aug_0.png,colosseum,train,0,source
02543_aug_0.png,museu_nacional_dart_de_catalunya,train,3,source
09741.png,petronas_towers,test,1,source
02251_aug_0.png,petronas_towers,train,1,source
06361_aug_0.png,petronas_towers,train,1,source
09809.png,st_stephen_cathedral_vienna,test,4,source
09232.png,rialto_bridge,test,2,source
00607_aug_0.png,hagia_sophia,train,6,source
08150.png,colosseum,val,0,source
09926.png,berlin_cathedral,test,5,source
02688_aug_0.png,gaudi_casa_batllo_barcelona,train,7,source
02418_aug_0.png,gaudi_casa_batllo_barcelona,train,7,source
02313_aug_0.png,museu_nacional_dart_de_catalunya,train,3,source
00022_aug_0.png,rialto_bridge,train,2,source
08147.png,hagia_sophia,val,6,source
04210_aug_0.png,colosseum,train,0,source
01149_aug_0.png,st_stephen_cathedral_vienna,train,4,source
07503.png,museu_nacional_dart_de_catalunya,val,3,source
01730_aug_0.png,colosseum,train,0,source
00929_aug_0.png,st_stephen_cathedral_vienna,train,4,source
09839.png,st_stephen_cathedral_vienna,test,4,source
04651_aug_0.png,petronas_towers,train,1,source
00036_aug_0.png,berlin_cathedral,train,5,source
03162_aug_0.png,rialto_bridge,train,2,source
03229_aug_0.png,st_stephen_cathedral_vienna,train,4,source
07551.png,petronas_towers,val,1,source
02829_aug_0.png,st_stephen_cathedral_vienna,train,4,source
06218_aug_0.png,gaudi_casa_batllo_barcelona,train,7,source
07529.png,st_stephen_cathedral_vienna,val,4,source
09068.png,gaudi_casa_batllo_barcelona,test,7,source
05616_aug_0.png,berlin_cathedral,train,5,source
08177.png,hagia_sophia,val,6,source
09327.png,hagia_sophia,test,6,source
06769_aug_0.png,st_stephen_cathedral_vienna,train,4,source
05910_aug_0.png,colosseum,train,0,source
06916_aug_0.png,berlin_cathedral,train,5,source
02759_aug_0.png,st_stephen_cathedral_vienna,train,4,source
05568_aug_0.png,gaudi_casa_batllo_barcelona,train,7,source
09421.png,petronas_towers,test,1,source
04556_aug_0.png,berlin_cathedral,train,5,source
03579_aug_0.png,st_stephen_cathedral_vienna,train,4,source
09226.png,berlin_cathedral,test,5,source
07377.png,hagia_sophia,val,6,source
04469_aug_0.png,st_stephen_cathedral_vienna,train,4,source
08783.png,museu_nacional_dart_de_catalunya,test,3,source
08101.png,petronas_towers,val,1,source
08979.png,st_stephen_cathedral_vienna,test,4,source
07920.png,colosseum,val,0,source
02398_aug_0.png,gaudi_casa_batllo_barcelona,train,7,source
08392.png,rialto_bridge,val,2,source
02082_aug_0.png,rialto_bridge,train,2,source
07390.png,colosseum,val,0,source
00812_aug_0.png,rialto_bridge,train,2,source
00520_aug_0.png,colosseum,train,0,source
03759_aug_0.png,st_stephen_cathedral_vienna,train,4,source
09240.png,colosseum,test,0,source
08090.png,colosseum,val,0,source
06250_aug_0.png,colosseum,train,0,source
03688_aug_0.png,gaudi_casa_batllo_barcelona,train,7,source
03856_aug_0.png,berlin_cathedral,train,5,source
03690_aug_0.png,colosseum,train,0,source
09708.png,gaudi_casa_batllo_barcelona,test,7,source
05648_aug_0.png,gaudi_casa_batllo_barcelona,train,7,source
08219.png,st_stephen_cathedral_vienna,val,4,source
09159.png,st_stephen_cathedral_vienna,test,4,source
05213_aug_0.png,museu_nacional_dart_de_catalunya,train,3,source
05507_aug_0.png,hagia_sophia,train,6,source
06148_aug_0.png,gaudi_casa_batllo_barcelona,train,7,source
03993_aug_0.png,museu_nacional_dart_de_catalunya,train,3,source
03352_aug_0.png,rialto_bridge,train,2,source
03236_aug_0.png,berlin_cathedral,train,5,source
05672_aug_0.png,rialto_bridge,train,2,source
08070.png,colosseum,val,0,source
05810_aug_0.png,colosseum,train,0,source
04106_aug_0.png,berlin_cathedral,train,5,source
05727_aug_0.png,hagia_sophia,train,6,source
07573.png,museu_nacional_dart_de_catalunya,val,3,source
04261_aug_0.png,petronas_towers,train,1,source
05350_aug_0.png,colosseum,train,0,source
03656_aug_0.png,berlin_cathedral,train,5,source
08813.png,museu_nacional_dart_de_catalunya,test,3,source
09061.png,petronas_towers,test,1,source
02399_aug_0.png,st_stephen_cathedral_vienna,train,4,source
04151_aug_0.png,petronas_towers,train,1,source
02698_aug_0.png,gaudi_casa_batllo_barcelona,train,7,source
02342_aug_0.png,rialto_bridge,train,2,source
08086.png,berlin_cathedral,val,5,source
06556_aug_0.png,berlin_cathedral,train,5,source
03731_aug_0.png,petronas_towers,train,1,source
05733_aug_0.png,museu_nacional_dart_de_catalunya,train,3,source
04709_aug_0.png,st_stephen_cathedral_vienna,train,4,source
09362.png,rialto_bridge,test,2,source
06932_aug_0.png,rialto_bridge,train,2,source
05333_aug_0.png,museu_nacional_dart_de_catalunya,train,3,source
07919.png,st_stephen_cathedral_vienna,val,4,source
06859_aug_0.png,st_stephen_cathedral_vienna,train,4,source
01261_aug_0.png,petronas_towers,train,1,source
08319.png,st_stephen_cathedral_vienna,val,4,source
05398_aug_0.png,gaudi_casa_batllo_barcelona,train,7,source
06279_aug_0.png,st_stephen_cathedral_vienna,train,4,source
09963.png,museu_nacional_dart_de_catalunya,test,3,source
05758_aug_0.png,gaudi_casa_batllo_barcelona,train,7,source
08632.png,rialto_bridge,test,2,source
08773.png,museu_nacional_dart_de_catalunya,test,3,source
03787_aug_0.png,hagia_sophia,train,6,source
02172_aug_0.png,rialto_bridge,train,2,source
02991_aug_0.png,petronas_towers,train,1,source
04377_aug_0.png,hagia_sophia,train,6,source
07516.png,berlin_cathedral,val,5,source
08326.png,berlin_cathedral,val,5,source
09400.png,colosseum,test,0,source
07010.png,colosseum,val,0,source
02728_aug_0.png,gaudi_casa_batllo_barcelona,train,7,source
03488_aug_0.png,gaudi_casa_batllo_barcelona,train,7,source
08769.png,st_stephen_cathedral_vienna,test,4,source
04318_aug_0.png,gaudi_casa_batllo_barcelona,train,7,source
06068_aug_0.png,gaudi_casa_batllo_barcelona,train,7,source
04539_aug_0.png,st_stephen_cathedral_vienna,train,4,source
06318_aug_0.png,gaudi_casa_batllo_barcelona,train,7,source
08848.png,gaudi_casa_batllo_barcelona,test,7,source
08452.png,rialto_bridge,val,2,source
09053.png,museu_nacional_dart_de_catalunya,test,3,source
08806.png,berlin_cathedral,test,5,source
07731.png,petronas_towers,val,1,source
08296.png,berlin_cathedral,val,5,source
07456.png,berlin_cathedral,val,5,source
07148.png,gaudi_casa_batllo_barcelona,val,7,source
09451.png,petronas_towers,test,1,source
08062.png,rialto_bridge,val,2,source
02299_aug_0.png,st_stephen_cathedral_vienna,train,4,source
01942_aug_0.png,rialto_bridge,train,2,source
01243_aug_0.png,museu_nacional_dart_de_catalunya,train,3,source
07208.png,gaudi_casa_batllo_barcelona,val,7,source
07736.png,berlin_cathedral,val,5,source
05459_aug_0.png,st_stephen_cathedral_vienna,train,4,source
08657.png,hagia_sophia,test,6,source
01057_aug_0.png,hagia_sophia,train,6,source
07243.png,museu_nacional_dart_de_catalunya,val,3,source
09176.png,berlin_cathedral,test,5,source
09361.png,petronas_towers,test,1,source
00359_aug_0.png,st_stephen_cathedral_vienna,train,4,source
04443_aug_0.png,museu_nacional_dart_de_catalunya,train,3,source
08890.png,colosseum,test,0,source
09682.png,rialto_bridge,test,2,source
03620_aug_0.png,colosseum,train,0,source
02676_aug_0.png,berlin_cathedral,train,5,source
03538_aug_0.png,gaudi_casa_batllo_barcelona,train,7,source
07641.png,petronas_towers,val,1,source
05246_aug_0.png,berlin_cathedral,train,5,source
07290.png,colosseum,val,0,source
08066.png,berlin_cathedral,val,5,source
09869.png,st_stephen_cathedral_vienna,test,4,source
08059.png,st_stephen_cathedral_vienna,val,4,source
03851_aug_0.png,petronas_towers,train,1,source
02461_aug_0.png,petronas_towers,train,1,source
08592.png,rialto_bridge,test,2,source
09639.png,st_stephen_cathedral_vienna,test,4,source
01937_aug_0.png,hagia_sophia,train,6,source
07722.png,rialto_bridge,val,2,source
04998_aug_0.png,gaudi_casa_batllo_barcelona,train,7,source
09111.png,petronas_towers,test,1,source
05749_aug_0.png,st_stephen_cathedral_vienna,train,4,source
08372.png,rialto_bridge,val,2,source
08767.png,hagia_sophia,test,6,source
08097.png,hagia_sophia,val,6,source
09727.png,hagia_sophia,test,6,source
09151.png,petronas_towers,test,1,source
08939.png,st_stephen_cathedral_vienna,test,4,source
09408.png,gaudi_casa_batllo_barcelona,test,7,source
06191_aug_0.png,petronas_towers,train,1,source
02651_aug_0.png,petronas_towers,train,1,source
07568.png,gaudi_casa_batllo_barcelona,val,7,source
07632.png,rialto_bridge,val,2,source
07949.png,st_stephen_cathedral_vienna,val,4,source
00888_aug_0.png,gaudi_casa_batllo_barcelona,train,7,source
01631_aug_0.png,petronas_towers,train,1,source
03213_aug_0.png,museu_nacional_dart_de_catalunya,train,3,source
05222_aug_0.png,rialto_bridge,train,2,source
03651_aug_0.png,petronas_towers,train,1,source
04648_aug_0.png,gaudi_casa_batllo_barcelona,train,7,source
03831_aug_0.png,petronas_towers,train,1,source
02519_aug_0.png,st_stephen_cathedral_vienna,train,4,source
07180.png,colosseum,val,0,source
09583.png,museu_nacional_dart_de_catalunya,test,3,source
08099.png,st_stephen_cathedral_vienna,val,4,source
07747.png,hagia_sophia,val,6,source
02030_aug_0.png,colosseum,train,0,source
08457.png,hagia_sophia,val,6,source
05808_aug_0.png,gaudi_casa_batllo_barcelona,train,7,source
04101_aug_0.png,petronas_towers,train,1,source
00852_aug_0.png,rialto_bridge,train,2,source
03257_aug_0.png,hagia_sophia,train,6,source
08882.png,rialto_bridge,test,2,source
08516.png,berlin_cathedral,test,5,source
03920_aug_0.png,colosseum,train,0,source
01758_aug_0.png,gaudi_casa_batllo_barcelona,train,7,source
00896_aug_0.png,berlin_cathedral,train,5,source
07259.png,st_stephen_cathedral_vienna,val,4,source
07133.png,museu_nacional_dart_de_catalunya,val,3,source
06291_aug_0.png,petronas_towers,train,1,source
08980.png,colosseum,test,0,source
06373_aug_0.png,museu_nacional_dart_de_catalunya,train,3,source
03653_aug_0.png,museu_nacional_dart_de_catalunya,train,3,source
07209.png,st_stephen_cathedral_vienna,val,4,source
08511.png,petronas_towers,test,1,source
00443_aug_0.png,museu_nacional_dart_de_catalunya,train,3,source
07119.png,st_stephen_cathedral_vienna,val,4,source
07520.png,colosseum,val,0,source
08253.png,museu_nacional_dart_de_catalunya,val,3,source
07801.png,petronas_towers,val,1,source
06679_aug_0.png,st_stephen_cathedral_vienna,train,4,source
04320_aug_0.png,colosseum,train,0,source
02718_aug_0.png,gaudi_casa_batllo_barcelona,train,7,source
07276.png,berlin_cathedral,val,5,source
07302.png,rialto_bridge,val,2,source
09716.png,berlin_cathedral,test,5,source
04142_aug_0.png,rialto_bridge,train,2,source
01131_aug_0.png,petronas_towers,train,1,source
09426.png,berlin_cathedral,test,5,source
04801_aug_0.png,petronas_towers,train,1,source
00413_aug_0.png,museu_nacional_dart_de_catalunya,train,3,source
00661_aug_0.png,petronas_towers,train,1,source
07548.png,gaudi_casa_batllo_barcelona,val,7,source
05718_aug_0.png,gaudi_casa_batllo_barcelona,train,7,source
09212.png,rialto_bridge,test,2,source
05651_aug_0.png,petronas_towers,train,1,source
08191.png,petronas_towers,val,1,source
06893_aug_0.png,museu_nacional_dart_de_catalunya,train,3,source
08659.png,st_stephen_cathedral_vienna,test,4,source
07868.png,gaudi_casa_batllo_barcelona,val,7,source
02171_aug_0.png,petronas_towers,train,1,source
01397_aug_0.png,hagia_sophia,train,6,source
02096_aug_0.png,berlin_cathedral,train,5,source
04853_aug_0.png,museu_nacional_dart_de_catalunya,train,3,source
09577.png,hagia_sophia,test,6,source
06678_aug_0.png,gaudi_casa_batllo_barcelona,train,7,source
04390_aug_0.png,colosseum,train,0,source
03928_aug_0.png,gaudi_casa_batllo_barcelona,train,7,source
09797.png,hagia_sophia,test,6,source
07190.png,colosseum,val,0,source
05123_aug_0.png,museu_nacional_dart_de_catalunya,train,3,source
08238.png,gaudi_casa_batllo_barcelona,val,7,source
07570.png,colosseum,val,0,source
04257_aug_0.png,hagia_sophia,train,6,source
09090.png,colosseum,test,0,source
04462_aug_0.png,rialto_bridge,train,2,source
06690_aug_0.png,colosseum,train,0,source
04088_aug_0.png,gaudi_casa_batllo_barcelona,train,7,source
06450_aug_0.png,colosseum,train,0,source
02292_aug_0.png,rialto_bridge,train,2,source
08816.png,berlin_cathedral,test,5,source
07606.png,berlin_cathedral,val,5,source
07788.png,gaudi_casa_batllo_barcelona,val,7,source
01653_aug_0.png,museu_nacional_dart_de_catalunya,train,3,source
06397_aug_0.png,hagia_sophia,train,6,source
06168_aug_0.png,gaudi_casa_batllo_barcelona,train,7,source
01789_aug_0.png,st_stephen_cathedral_vienna,train,4,source
04911_aug_0.png,petronas_towers,train,1,source
07610.png,colosseum,val,0,source
03861_aug_0.png,petronas_towers,train,1,source
08970.png,colosseum,test,0,source
06539_aug_0.png,st_stephen_cathedral_vienna,train,4,source
09539.png,st_stephen_cathedral_vienna,test,4,source
04293_aug_0.png,museu_nacional_dart_de_catalunya,train,3,source
05996_aug_0.png,berlin_cathedral,train,5,source
05439_aug_0.png,st_stephen_cathedral_vienna,train,4,source
07376.png,berlin_cathedral,val,5,source
08638.png,gaudi_casa_batllo_barcelona,test,7,source
00219_aug_0.png,st_stephen_cathedral_vienna,train,4,source
09393.png,museu_nacional_dart_de_catalunya,test,3,source
09431.png,petronas_towers,test,1,source
00248_aug_0.png,gaudi_casa_batllo_barcelona,train,7,source
06637_aug_0.png,hagia_sophia,train,6,source
05653_aug_0.png,museu_nacional_dart_de_catalunya,train,3,source
06691_aug_0.png,petronas_towers,train,1,source
01867_aug_0.png,hagia_sophia,train,6,source
08790.png,colosseum,test,0,source
05211_aug_0.png,petronas_towers,train,1,source
05992_aug_0.png,rialto_bridge,train,2,source
08298.png,gaudi_casa_batllo_barcelona,val,7,source
01849_aug_0.png,st_stephen_cathedral_vienna,train,4,source
03616_aug_0.png,berlin_cathedral,train,5,source
03428_aug_0.png,gaudi_casa_batllo_barcelona,train,7,source
00158_aug_0.png,gaudi_casa_batllo_barcelona,train,7,source
05007_aug_0.png,hagia_sophia,train,6,source
00342_aug_0.png,rialto_bridge,train,2,source
00379_aug_0.png,st_stephen_cathedral_vienna,train,4,source
02561_aug_0.png,petronas_towers,train,1,source
08432.png,rialto_bridge,val,2,source
08400.png,colosseum,val,0,source
01557_aug_0.png,hagia_sophia,train,6,source
07343.png,museu_nacional_dart_de_catalunya,val,3,source
08368.png,gaudi_casa_batllo_barcelona,val,7,source
07507.png,hagia_sophia,val,6,source
08110.png,colosseum,val,0,source
03377_aug_0.png,hagia_sophia,train,6,source
02516_aug_0.png,berlin_cathedral,train,5,source
07137.png,hagia_sophia,val,6,source
02599_aug_0.png,st_stephen_cathedral_vienna,train,4,source
05759_aug_0.png,st_stephen_cathedral_vienna,train,4,source
03052_aug_0.png,rialto_bridge,train,2,source
00807_aug_0.png,hagia_sophia,train,6,source
09000.png,colosseum,test,0,source
09738.png,gaudi_casa_batllo_barcelona,test,7,source
01990_aug_0.png,colosseum,train,0,source
00253_aug_0.png,museu_nacional_dart_de_catalunya,train,3,source
09076.png,berlin_cathedral,test,5,source
04029_aug_0.png,st_stephen_cathedral_vienna,train,4,source
07491.png,petronas_towers,val,1,source
00960_aug_0.png,colosseum,train,0,source
00419_aug_0.png,st_stephen_cathedral_vienna,train,4,source
03423_aug_0.png,museu_nacional_dart_de_catalunya,train,3,source
09951.png,petronas_towers,test,1,source
06343_aug_0.png,museu_nacional_dart_de_catalunya,train,3,source
07117.png,hagia_sophia,val,6,source
03478_aug_0.png,gaudi_casa_batllo_barcelona,train,7,source
07778.png,gaudi_casa_batllo_barcelona,val,7,source
08947.png,hagia_sophia,test,6,source
02739_aug_0.png,st_stephen_cathedral_vienna,train,4,source
05957_aug_0.png,hagia_sophia,train,6,source
07493.png,museu_nacional_dart_de_catalunya,val,3,source
03106_aug_0.png,berlin_cathedral,train,5,source
05632_aug_0.png,rialto_bridge,train,2,source
05509_aug_0.png,st_stephen_cathedral_vienna,train,4,source
07593.png,museu_nacional_dart_de_catalunya,val,3,source
08837.png,hagia_sophia,test,6,source
08716.png,berlin_cathedral,test,5,source
03432_aug_0.png,rialto_bridge,train,2,source
06097_aug_0.png,hagia_sophia,train,6,source
01170_aug_0.png,colosseum,train,0,source
08770.png,colosseum,test,0,source
04460_aug_0.png,colosseum,train,0,source
05666_aug_0.png,berlin_cathedral,train,5,source
09561.png,petronas_towers,test,1,source
00121_aug_0.png,petronas_towers,train,1,source
02290_aug_0.png,colosseum,train,0,source
09008.png,gaudi_casa_batllo_barcelona,test,7,source
06792_aug_0.png,rialto_bridge,train,2,source
09276.png,berlin_cathedral,test,5,source
00448_aug_0.png,gaudi_casa_batllo_barcelona,train,7,source
01136_aug_0.png,berlin_cathedral,train,5,source
02028_aug_0.png,gaudi_casa_batllo_barcelona,train,7,source
09429.png,st_stephen_cathedral_vienna,test,4,source
08399.png,st_stephen_cathedral_vienna,val,4,source
08486.png,berlin_cathedral,val,5,source
07436.png,berlin_cathedral,val,5,source
09251.png,petronas_towers,test,1,source
07469.png,st_stephen_cathedral_vienna,val,4,source
02377_aug_0.png,hagia_sophia,train,6,source
02309_aug_0.png,st_stephen_cathedral_vienna,train,4,source
07497.png,hagia_sophia,val,6,source
01230_aug_0.png,colosseum,train,0,source
02917_aug_0.png,hagia_sophia,train,6,source
00381_aug_0.png,petronas_towers,train,1,source
09606.png,berlin_cathedral,test,5,source
07072.png,rialto_bridge,val,2,source
04033_aug_0.png,museu_nacional_dart_de_catalunya,train,3,source
02017_aug_0.png,hagia_sophia,train,6,source
00087_aug_0.png,hagia_sophia,train,6,source
06589_aug_0.png,st_stephen_cathedral_vienna,train,4,source
09100.png,colosseum,test,0,source
07569.png,st_stephen_cathedral_vienna,val,4,source
08151.png,petronas_towers,val,1,source
08456.png,berlin_cathedral,val,5,source
02113_aug_0.png,museu_nacional_dart_de_catalunya,train,3,source
03086_aug_0.png,berlin_cathedral,train,5,source
03411_aug_0.png,petronas_towers,train,1,source
05908_aug_0.png,gaudi_casa_batllo_barcelona,train,7,source
02093_aug_0.png,museu_nacional_dart_de_catalunya,train,3,source
02011_aug_0.png,petronas_towers,train,1,source
06576_aug_0.png,berlin_cathedral,train,5,source
00076_aug_0.png,berlin_cathedral,train,5,source
02807_aug_0.png,hagia_sophia,train,6,source
09441.png,petronas_towers,test,1,source
05486_aug_0.png,berlin_cathedral,train,5,source
07800.png,colosseum,val,0,source
05748_aug_0.png,gaudi_casa_batllo_barcelona,train,7,source
08473.png,museu_nacional_dart_de_catalunya,val,3,source
06262_aug_0.png,rialto_bridge,train,2,source
07827.png,hagia_sophia,val,6,source
08371.png,petronas_towers,val,1,source
02499_aug_0.png,st_stephen_cathedral_vienna,train,4,source
03456_aug_0.png,berlin_cathedral,train,5,source
05196_aug_0.png,berlin_cathedral,train,5,source
00191_aug_0.png,petronas_towers,train,1,source
04970_aug_0.png,colosseum,train,0,source
02969_aug_0.png,st_stephen_cathedral_vienna,train,4,source
05261_aug_0.png,petronas_towers,train,1,source
00152_aug_0.png,rialto_bridge,train,2,source
07007.png,hagia_sophia,val,6,source
09532.png,rialto_bridge,test,2,source
01581_aug_0.png,petronas_towers,train,1,source
04160_aug_0.png,colosseum,train,0,source
09109.png,st_stephen_cathedral_vienna,test,4,source
09691.png,petronas_towers,test,1,source
00217_aug_0.png,hagia_sophia,train,6,source
08320.png,colosseum,val,0,source
08436.png,berlin_cathedral,val,5,source
04422_aug_0.png,rialto_bridge,train,2,source
06457_aug_0.png,hagia_sophia,train,6,source
02406_aug_0.png,berlin_cathedral,train,5,source
00360_aug_0.png,colosseum,train,0,source
08142.png,rialto_bridge,val,2,source
05812_aug_0.png,rialto_bridge,train,2,source
07403.png,museu_nacional_dart_de_catalunya,val,3,source
07186.png,berlin_cathedral,val,5,source
07809.png,st_stephen_cathedral_vienna,val,4,source
01231_aug_0.png,petronas_towers,train,1,source
09748.png,gaudi_casa_batllo_barcelona,test,7,source
04639_aug_0.png,st_stephen_cathedral_vienna,train,4,source
04230_aug_0.png,colosseum,train,0,source
01211_aug_0.png,petronas_towers,train,1,source
00833_aug_0.png,museu_nacional_dart_de_catalunya,train,3,source
00290_aug_0.png,colosseum,train,0,source
02721_aug_0.png,petronas_towers,train,1,source
04089_aug_0.png,st_stephen_cathedral_vienna,train,4,source
07533.png,museu_nacional_dart_de_catalunya,val,3,source
00023_aug_0.png,museu_nacional_dart_de_catalunya,train,3,source
08847.png,hagia_sophia,test,6,source
02702_aug_0.png,rialto_bridge,train,2,source
02970_aug_0.png,colosseum,train,0,source
01088_aug_0.png,gaudi_casa_batllo_barcelona,train,7,source
07863.png,museu_nacional_dart_de_catalunya,val,3,source
08598.png,gaudi_casa_batllo_barcelona,test,7,source
05302_aug_0.png,rialto_bridge,train,2,source
09969.png,st_stephen_cathedral_vienna,test,4,source
08677.png,hagia_sophia,test,6,source
05267_aug_0.png,hagia_sophia,train,6,source
08710.png,colosseum,test,0,source
02587_aug_0.png,hagia_sophia,train,6,source
09632.png,rialto_bridge,test,2,source
05781_aug_0.png,petronas_towers,train,1,source
06400_aug_0.png,colosseum,train,0,source
03793_aug_0.png,museu_nacional_dart_de_catalunya,train,3,source
00517_aug_0.png,hagia_sophia,train,6,source
09106.png,berlin_cathedral,test,5,source
00207_aug_0.png,hagia_sophia,train,6,source
02327_aug_0.png,hagia_sophia,train,6,source
05027_aug_0.png,hagia_sophia,train,6,source
06071_aug_0.png,petronas_towers,train,1,source
07460.png,colosseum,val,0,source
04122_aug_0.png,rialto_bridge,train,2,source
07748.png,gaudi_casa_batllo_barcelona,val,7,source
01496_aug_0.png,berlin_cathedral,train,5,source
04238_aug_0.png,gaudi_casa_batllo_barcelona,train,7,source
05418_aug_0.png,gaudi_casa_batllo_barcelona,train,7,source
07347.png,hagia_sophia,val,6,source
07689.png,st_stephen_cathedral_vienna,val,4,source
07043.png,museu_nacional_dart_de_catalunya,val,3,source
06507_aug_0.png,hagia_sophia,train,6,source
07859.png,st_stephen_cathedral_vienna,val,4,source
07149.png,st_stephen_cathedral_vienna,val,4,source
02981_aug_0.png,petronas_towers,train,1,source
04187_aug_0.png,hagia_sophia,train,6,source
09630.png,colosseum,test,0,source
07241.png,petronas_towers,val,1,source
01633_aug_0.png,museu_nacional_dart_de_catalunya,train,3,source
01257_aug_0.png,hagia_sophia,train,6,source
06512_aug_0.png,rialto_bridge,train,2,source
09183.png,museu_nacional_dart_de_catalunya,test,3,source
08901.png,petronas_towers,test,1,source
08896.png,berlin_cathedral,test,5,source
03681_aug_0.png,petronas_towers,train,1,source
06520_aug_0.png,colosseum,train,0,source
06398_aug_0.png,gaudi_casa_batllo_barcelona,train,7,source
03218_aug_0.png,gaudi_casa_batllo_barcelona,train,7,source
08149.png,st_stephen_cathedral_vienna,val,4,source
02983_aug_0.png,museu_nacional_dart_de_catalunya,train,3,source
06159_aug_0.png,st_stephen_cathedral_vienna,train,4,source
07718.png,gaudi_casa_batllo_barcelona,val,7,source
07750.png,colosseum,val,0,source
09168.png,gaudi_casa_batllo_barcelona,test,7,source
01033_aug_0.png,museu_nacional_dart_de_catalunya,train,3,source
01806_aug_0.png,berlin_cathedral,train,5,source
02660_aug_0.png,colosseum,train,0,source
00771_aug_0.png,petronas_towers,train,1,source
07127.png,hagia_sophia,val,6,source
08306.png,berlin_cathedral,val,5,source
03011_aug_0.png,petronas_towers,train,1,source
06010_aug_0.png,colosseum,train,0,source
06651_aug_0.png,petronas_towers,train,1,source
02767_aug_0.png,hagia_sophia,train,6,source
07428.png,gaudi_casa_batllo_barcelona,val,7,source
01108_aug_0.png,gaudi_casa_batllo_barcelona,train,7,source
01716_aug_0.png,berlin_cathedral,train,5,source
08398.png,gaudi_casa_batllo_barcelona,val,7,source
07753.png,museu_nacional_dart_de_catalunya,val,3,source
03248_aug_0.png,gaudi_casa_batllo_barcelona,train,7,source
09580.png,colosseum,test,0,source
07191.png,petronas_towers,val,1,source
09522.png,rialto_bridge,test,2,source
05766_aug_0.png,berlin_cathedral,train,5,source
07726.png,berlin_cathedral,val,5,source
06362_aug_0.png,rialto_bridge,train,2,source
07698.png,gaudi_casa_batllo_barcelona,val,7,source
03839_aug_0.png,st_stephen_cathedral_vienna,train,4,source
06531_aug_0.png,petronas_towers,train,1,source
05690_aug_0.png,colosseum,train,0,source
03986_aug_0.png,berlin_cathedral,train,5,source
04976_aug_0.png,berlin_cathedral,train,5,source
01521_aug_0.png,petronas_towers,train,1,source
01540_aug_0.png,colosseum,train,0,source
07756.png,berlin_cathedral,val,5,source
09567.png,hagia_sophia,test,6,source
09318.png,gaudi_casa_batllo_barcelona,test,7,source
01237_aug_0.png,hagia_sophia,train,6,source
02707_aug_0.png,hagia_sophia,train,6,source
00478_aug_0.png,gaudi_casa_batllo_barcelona,train,7,source
09233.png,museu_nacional_dart_de_catalunya,test,3,source
06388_aug_0.png,gaudi_casa_batllo_barcelona,train,7,source
07447.png,hagia_sophia,val,6,source
01706_aug_0.png,berlin_cathedral,train,5,source
07552.png,rialto_bridge,val,2,source
08208.png,gaudi_casa_batllo_barcelona,val,7,source
08227.png,hagia_sophia,val,6,source
09423.png,museu_nacional_dart_de_catalunya,test,3,source
09657.png,hagia_sophia,test,6,source
08239.png,st_stephen_cathedral_vienna,val,4,source
01637_aug_0.png,hagia_sophia,train,6,source
05528_aug_0.png,gaudi_casa_batllo_barcelona,train,7,source
08136.png,berlin_cathedral,val,5,source
06490_aug_0.png,colosseum,train,0,source
02533_aug_0.png,museu_nacional_dart_de_catalunya,train,3,source
02713_aug_0.png,museu_nacional_dart_de_catalunya,train,3,source
08286.png,berlin_cathedral,val,5,source
09563.png,museu_nacional_dart_de_catalunya,test,3,source
09973.png,museu_nacional_dart_de_catalunya,test,3,source
07509.png,st_stephen_cathedral_vienna,val,4,source
00321_aug_0.png,petronas_towers,train,1,source
03858_aug_0.png,gaudi_casa_batllo_barcelona,train,7,source
05537_aug_0.png,hagia_sophia,train,6,source
03720_aug_0.png,colosseum,train,0,source
05452_aug_0.png,rialto_bridge,train,2,source
00302_aug_0.png,rialto_bridge,train,2,source
03710_aug_0.png,colosseum,train,0,source
08017.png,hagia_sophia,val,6,source
07437.png,hagia_sophia,val,6,source
08260.png,colosseum,val,0,source
08316.png,berlin_cathedral,val,5,source
05760_aug_0.png,colosseum,train,0,source
09432.png,rialto_bridge,test,2,source
09529.png,st_stephen_cathedral_vienna,test,4,source
09001.png,petronas_towers,test,1,source
07506.png,berlin_cathedral,val,5,source
08957.png,hagia_sophia,test,6,source
03088_aug_0.png,gaudi_casa_batllo_barcelona,train,7,source
05858_aug_0.png,gaudi_casa_batllo_barcelona,train,7,source
01106_aug_0.png,berlin_cathedral,train,5,source
08039.png,st_stephen_cathedral_vienna,val,4,source
01040_aug_0.png,colosseum,train,0,source
02873_aug_0.png,museu_nacional_dart_de_catalunya,train,3,source
09136.png,berlin_cathedral,test,5,source
01183_aug_0.png,museu_nacional_dart_de_catalunya,train,3,source
01036_aug_0.png,berlin_cathedral,train,5,source
08878.png,gaudi_casa_batllo_barcelona,test,7,source
06709_aug_0.png,st_stephen_cathedral_vienna,train,4,source
04169_aug_0.png,st_stephen_cathedral_vienna,train,4,source
01341_aug_0.png,petronas_towers,train,1,source
02879_aug_0.png,st_stephen_cathedral_vienna,train,4,source
01707_aug_0.png,hagia_sophia,train,6,source
01178_aug_0.png,gaudi_casa_batllo_barcelona,train,7,source
06238_aug_0.png,gaudi_casa_batllo_barcelona,train,7,source
07922.png,rialto_bridge,val,2,source
03051_aug_0.png,petronas_towers,train,1,source
07092.png,rialto_bridge,val,2,source
06476_aug_0.png,berlin_cathedral,train,5,source
07111.png,petronas_towers,val,1,source
00758_aug_0.png,gaudi_casa_batllo_barcelona,train,7,source
01208_aug_0.png,gaudi_casa_batllo_barcelona,train,7,source
09246.png,berlin_cathedral,test,5,source
06359_aug_0.png,st_stephen_cathedral_vienna,train,4,source
07109.png,st_stephen_cathedral_vienna,val,4,source
01962_aug_0.png,rialto_bridge,train,2,source
04401_aug_0.png,petronas_towers,train,1,source
04321_aug_0.png,petronas_towers,train,1,source
02088_aug_0.png,gaudi_casa_batllo_barcelona,train,7,source
07866.png,berlin_cathedral,val,5,source
02273_aug_0.png,museu_nacional_dart_de_catalunya,train,3,source
08166.png,berlin_cathedral,val,5,source
03591_aug_0.png,petronas_towers,train,1,source
05887_aug_0.png,hagia_sophia,train,6,source
02107_aug_0.png,hagia_sophia,train,6,source
08611.png,petronas_towers,test,1,source
00919_aug_0.png,st_stephen_cathedral_vienna,train,4,source
01353_aug_0.png,museu_nacional_dart_de_catalunya,train,3,source
02811_aug_0.png,petronas_towers,train,1,source
05308_aug_0.png,gaudi_casa_batllo_barcelona,train,7,source
07289.png,st_stephen_cathedral_vienna,val,4,source
03497_aug_0.png,hagia_sophia,train,6,source
02447_aug_0.png,hagia_sophia,train,6,source
04247_aug_0.png,hagia_sophia,train,6,source
04922_aug_0.png,rialto_bridge,train,2,source
08909.png,st_stephen_cathedral_vienna,test,4,source
04213_aug_0.png,museu_nacional_dart_de_catalunya,train,3,source
09833.png,museu_nacional_dart_de_catalunya,test,3,source
03382_aug_0.png,rialto_bridge,train,2,source
08520.png,colosseum,test,0,source
01392_aug_0.png,rialto_bridge,train,2,source
08423.png,museu_nacional_dart_de_catalunya,val,3,source
05077_aug_0.png,hagia_sophia,train,6,source
01072_aug_0.png,rialto_bridge,train,2,source
06309_aug_0.png,st_stephen_cathedral_vienna,train,4,source
02679_aug_0.png,st_stephen_cathedral_vienna,train,4,source
07671.png,petronas_towers,val,1,source
06739_aug_0.png,st_stephen_cathedral_vienna,train,4,source
02239_aug_0.png,st_stephen_cathedral_vienna,train,4,source
01890_aug_0.png,colosseum,train,0,source
09299.png,st_stephen_cathedral_vienna,test,4,source
01960_aug_0.png,colosseum,train,0,source
01669_aug_0.png,st_stephen_cathedral_vienna,train,4,source
08822.png,rialto_bridge,test,2,source
05820_aug_0.png,colosseum,train,0,source
08536.png,berlin_cathedral,test,5,source
05271_aug_0.png,petronas_towers,train,1,source
01992_aug_0.png,rialto_bridge,train,2,source
03062_aug_0.png,rialto_bridge,train,2,source
08949.png,st_stephen_cathedral_vienna,test,4,source
06992_aug_0.png,rialto_bridge,train,2,source
03139_aug_0.png,st_stephen_cathedral_vienna,train,4,source
04147_aug_0.png,hagia_sophia,train,6,source
00092_aug_0.png,rialto_bridge,train,2,source
04586_aug_0.png,berlin_cathedral,train,5,source
07222.png,rialto_bridge,val,2,source
08292.png,rialto_bridge,val,2,source
00216_aug_0.png,berlin_cathedral,train,5,source
08718.png,gaudi_casa_batllo_barcelona,test,7,source
07649.png,st_stephen_cathedral_vienna,val,4,source
08661.png,petronas_towers,test,1,source
02630_aug_0.png,colosseum,train,0,source
08982.png,rialto_bridge,test,2,source
09551.png,petronas_towers,test,1,source
07348.png,gaudi_casa_batllo_barcelona,val,7,source
03816_aug_0.png,berlin_cathedral,train,5,source
04091_aug_0.png,petronas_towers,train,1,source
02340_aug_0.png,colosseum,train,0,source
08703.png,museu_nacional_dart_de_catalunya,test,3,source
08986.png,berlin_cathedral,test,5,source
08122.png,rialto_bridge,val,2,source
05786_aug_0.png,berlin_cathedral,train,5,source
08918.png,gaudi_casa_batllo_barcelona,test,7,source
07051.png,petronas_towers,val,1,source
09956.png,berlin_cathedral,test,5,source
03772_aug_0.png,rialto_bridge,train,2,source
07972.png,rialto_bridge,val,2,source
09117.png,hagia_sophia,test,6,source
08782.png,rialto_bridge,test,2,source
03879_aug_0.png,st_stephen_cathedral_vienna,train,4,source
07099.png,st_stephen_cathedral_vienna,val,4,source
05646_aug_0.png,berlin_cathedral,train,5,source
08146.png,berlin_cathedral,val,5,source
06259_aug_0.png,st_stephen_cathedral_vienna,train,4,source
08897.png,hagia_sophia,test,6,source
09162.png,rialto_bridge,test,2,source
00046_aug_0.png,berlin_cathedral,train,5,source
01609_aug_0.png,st_stephen_cathedral_vienna,train,4,source
00962_aug_0.png,rialto_bridge,train,2,source
02786_aug_0.png,berlin_cathedral,train,5,source
07891.png,petronas_towers,val,1,source
03148_aug_0.png,gaudi_casa_batllo_barcelona,train,7,source
09458.png,gaudi_casa_batllo_barcelona,test,7,source
03900_aug_0.png,colosseum,train,0,source
03198_aug_0.png,gaudi_casa_batllo_barcelona,train,7,source
03227_aug_0.png,hagia_sophia,train,6,source
09048.png,gaudi_casa_batllo_barcelona,test,7,source
01418_aug_0.png,gaudi_casa_batllo_barcelona,train,7,source
08356.png,berlin_cathedral,val,5,source
01718_aug_0.png,gaudi_casa_batllo_barcelona,train,7,source
02002_aug_0.png,rialto_bridge,train,2,source
03767_aug_0.png,hagia_sophia,train,6,source
06379_aug_0.png,st_stephen_cathedral_vienna,train,4,source
01238_aug_0.png,gaudi_casa_batllo_barcelona,train,7,source
03307_aug_0.png,hagia_sophia,train,6,source
08547.png,hagia_sophia,test,6,source
02126_aug_0.png,berlin_cathedral,train,5,source
03119_aug_0.png,st_stephen_cathedral_vienna,train,4,source
01571_aug_0.png,petronas_towers,train,1,source
06172_aug_0.png,rialto_bridge,train,2,source
09336.png,berlin_cathedral,test,5,source
07206.png,berlin_cathedral,val,5,source
02142_aug_0.png,rialto_bridge,train,2,source
08830.png,colosseum,test,0,source
08312.png,rialto_bridge,val,2,source
05987_aug_0.png,hagia_sophia,train,6,source
02541_aug_0.png,petronas_towers,train,1,source
08673.png,museu_nacional_dart_de_catalunya,test,3,source
00611_aug_0.png,petronas_towers,train,1,source
01118_aug_0.png,gaudi_casa_batllo_barcelona,train,7,source
02146_aug_0.png,berlin_cathedral,train,5,source
08963.png,museu_nacional_dart_de_catalunya,test,3,source
03968_aug_0.png,gaudi_casa_batllo_barcelona,train,7,source
07661.png,petronas_towers,val,1,source
04818_aug_0.png,gaudi_casa_batllo_barcelona,train,7,source
00268_aug_0.png,gaudi_casa_batllo_barcelona,train,7,source
07002.png,rialto_bridge,val,2,source
01583_aug_0.png,museu_nacional_dart_de_catalunya,train,3,source
08067.png,hagia_sophia,val,6,source
06211_aug_0.png,petronas_towers,train,1,source
07139.png,st_stephen_cathedral_vienna,val,4,source
08568.png,gaudi_casa_batllo_barcelona,test,7,source
04463_aug_0.png,museu_nacional_dart_de_catalunya,train,3,source
00713_aug_0.png,museu_nacional_dart_de_catalunya,train,3,source
07227.png,hagia_sophia,val,6,source
07770.png,colosseum,val,0,source
05427_aug_0.png,hagia_sophia,train,6,source
01390_aug_0.png,colosseum,train,0,source
04628_aug_0.png,gaudi_casa_batllo_barcelona,train,7,source
05669_aug_0.png,st_stephen_cathedral_vienna,train,4,source
01422_aug_0.png,rialto_bridge,train,2,source
08990.png,colosseum,test,0,source
08288.png,gaudi_casa_batllo_barcelona,val,7,source
05559_aug_0.png,st_stephen_cathedral_vienna,train,4,source
05818_aug_0.png,gaudi_casa_batllo_barcelona,train,7,source
00080_aug_0.png,colosseum,train,0,source
04531_aug_0.png,petronas_towers,train,1,source
09916.png,berlin_cathedral,test,5,source
01289_aug_0.png,st_stephen_cathedral_vienna,train,4,source
08287.png,hagia_sophia,val,6,source
08171.png,petronas_towers,val,1,source
08873.png,museu_nacional_dart_de_catalunya,test,3,source
00530_aug_0.png,colosseum,train,0,source
09647.png,hagia_sophia,test,6,source
06806_aug_0.png,berlin_cathedral,train,5,source
00408_aug_0.png,gaudi_casa_batllo_barcelona,train,7,source
02059_aug_0.png,st_stephen_cathedral_vienna,train,4,source
08258.png,gaudi_casa_batllo_barcelona,val,7,source
00969_aug_0.png,st_stephen_cathedral_vienna,train,4,source
05833_aug_0.png,museu_nacional_dart_de_catalunya,train,3,source
02877_aug_0.png,hagia_sophia,train,6,source
06236_aug_0.png,berlin_cathedral,train,5,source
07777.png,hagia_sophia,val,6,source
01071_aug_0.png,petronas_towers,train,1,source
00579_aug_0.png,st_stephen_cathedral_vienna,train,4,source
09128.png,gaudi_casa_batllo_barcelona,test,7,source
08100.png,colosseum,val,0,source
06487_aug_0.png,hagia_sophia,train,6,source
00640_aug_0.png,colosseum,train,0,source
06453_aug_0.png,museu_nacional_dart_de_catalunya,train,3,source
09559.png,st_stephen_cathedral_vienna,test,4,source
09306.png,berlin_cathedral,test,5,source
03146_aug_0.png,berlin_cathedral,train,5,source
08092.png,rialto_bridge,val,2,source
07711.png,petronas_towers,val,1,source
07683.png,museu_nacional_dart_de_catalunya,val,3,source
07667.png,hagia_sophia,val,6,source
07690.png,colosseum,val,0,source
07431.png,petronas_towers,val,1,source
05232_aug_0.png,rialto_bridge,train,2,source
09772.png,rialto_bridge,test,2,source
04822_aug_0.png,rialto_bridge,train,2,source
07349.png,st_stephen_cathedral_vienna,val,4,source
08422.png,rialto_bridge,val,2,source
04251_aug_0.png,petronas_towers,train,1,source
06073_aug_0.png,museu_nacional_dart_de_catalunya,train,3,source
08531.png,petronas_towers,test,1,source
05629_aug_0.png,st_stephen_cathedral_vienna,train,4,source
06246_aug_0.png,berlin_cathedral,train,5,source
07743.png,museu_nacional_dart_de_catalunya,val,3,source
02686_aug_0.png,berlin_cathedral,train,5,source
08201.png,petronas_towers,val,1,source
01061_aug_0.png,petronas_towers,train,1,source
03056_aug_0.png,berlin_cathedral,train,5,source
07369.png,st_stephen_cathedral_vienna,val,4,source
02801_aug_0.png,petronas_towers,train,1,source
09157.png,hagia_sophia,test,6,source
09353.png,museu_nacional_dart_de_catalunya,test,3,source
05586_aug_0.png,berlin_cathedral,train,5,source
05691_aug_0.png,petronas_towers,train,1,source
08868.png,gaudi_casa_batllo_barcelona,test,7,source
02821_aug_0.png,petronas_towers,train,1,source
07003.png,museu_nacional_dart_de_catalunya,val,3,source
09179.png,st_stephen_cathedral_vienna,test,4,source
08402.png,rialto_bridge,val,2,source
05298_aug_0.png,gaudi_casa_batllo_barcelona,train,7,source
00531_aug_0.png,petronas_towers,train,1,source
04182_aug_0.png,rialto_bridge,train,2,source
00789_aug_0.png,st_stephen_cathedral_vienna,train,4,source
01063_aug_0.png,museu_nacional_dart_de_catalunya,train,3,source
05198_aug_0.png,gaudi_casa_batllo_barcelona,train,7,source
09758.png,gaudi_casa_batllo_barcelona,test,7,source
02851_aug_0.png,petronas_towers,train,1,source
00091_aug_0.png,petronas_towers,train,1,source
09906.png,berlin_cathedral,test,5,source
05518_aug_0.png,gaudi_casa_batllo_barcelona,train,7,source
09662.png,rialto_bridge,test,2,source
06940_aug_0.png,colosseum,train,0,source
01930_aug_0.png,colosseum,train,0,source
02788_aug_0.png,gaudi_casa_batllo_barcelona,train,7,source
07771.png,petronas_towers,val,1,source
07549.png,st_stephen_cathedral_vienna,val,4,source
06697_aug_0.png,hagia_sophia,train,6,source
05997_aug_0.png,hagia_sophia,train,6,source
06212_aug_0.png,rialto_bridge,train,2,source
09936.png,berlin_cathedral,test,5,source
01660_aug_0.png,colosseum,train,0,source
09497.png,hagia_sophia,test,6,source
02370_aug_0.png,colosseum,train,0,source
06717_aug_0.png,hagia_sophia,train,6,source
06336_aug_0.png,berlin_cathedral,train,5,source
01351_aug_0.png,petronas_towers,train,1,source
05400_aug_0.png,colosseum,train,0,source
07502.png,rialto_bridge,val,2,source
03361_aug_0.png,petronas_towers,train,1,source
00966_aug_0.png,berlin_cathedral,train,5,source
06423_aug_0.png,museu_nacional_dart_de_catalunya,train,3,source
00642_aug_0.png,rialto_bridge,train,2,source
06836_aug_0.png,berlin_cathedral,train,5,source
03798_aug_0.png,gaudi_casa_batllo_barcelona,train,7,source
08503.png,museu_nacional_dart_de_catalunya,test,3,source
05656_aug_0.png,berlin_cathedral,train,5,source
00721_aug_0.png,petronas_towers,train,1,source
06841_aug_0.png,petronas_towers,train,1,source
08106.png,berlin_cathedral,val,5,source
01386_aug_0.png,berlin_cathedral,train,5,source
09370.png,colosseum,test,0,source
07477.png,hagia_sophia,val,6,source
06758_aug_0.png,gaudi_casa_batllo_barcelona,train,7,source
09141.png,petronas_towers,test,1,source
01510_aug_0.png,colosseum,train,0,source
03318_aug_0.png,gaudi_casa_batllo_barcelona,train,7,source
08987.png,hagia_sophia,test,6,source
03891_aug_0.png,petronas_towers,train,1,source
00708_aug_0.png,gaudi_casa_batllo_barcelona,train,7,source
03517_aug_0.png,hagia_sophia,train,6,source
02783_aug_0.png,museu_nacional_dart_de_catalunya,train,3,source
09243.png,museu_nacional_dart_de_catalunya,test,3,source
00292_aug_0.png,rialto_bridge,train,2,source
08676.png,berlin_cathedral,test,5,source
07230.png,colosseum,val,0,source
02670_aug_0.png,colosseum,train,0,source
03060_aug_0.png,colosseum,train,0,source
03573_aug_0.png,museu_nacional_dart_de_catalunya,train,3,source
04501_aug_0.png,petronas_towers,train,1,source
08003.png,museu_nacional_dart_de_catalunya,val,3,source
08832.png,rialto_bridge,test,2,source
07761.png,petronas_towers,val,1,source
06356_aug_0.png,berlin_cathedral,train,5,source
08498.png,gaudi_casa_batllo_barcelona,val,7,source
00828_aug_0.png,gaudi_casa_batllo_barcelona,train,7,source
02341_aug_0.png,petronas_towers,train,1,source
08250.png,colosseum,val,0,source
01221_aug_0.png,petronas_towers,train,1,source
08081.png,petronas_towers,val,1,source
05001_aug_0.png,petronas_towers,train,1,source
02023_aug_0.png,museu_nacional_dart_de_catalunya,train,3,source
07038.png,gaudi_casa_batllo_barcelona,val,7,source
00398_aug_0.png,gaudi_casa_batllo_barcelona,train,7,source
06646_aug_0.png,berlin_cathedral,train,5,source
08016.png,berlin_cathedral,val,5,source
09013.png,museu_nacional_dart_de_catalunya,test,3,source
09982.png,rialto_bridge,test,2,source
05617_aug_0.png,hagia_sophia,train,6,source
07948.png,gaudi_casa_batllo_barcelona,val,7,source
09676.png,berlin_cathedral,test,5,source
09743.png,museu_nacional_dart_de_catalunya,test,3,source
02413_aug_0.png,museu_nacional_dart_de_catalunya,train,3,source
07220.png,colosseum,val,0,source
07697.png,hagia_sophia,val,6,source
01561_aug_0.png,petronas_towers,train,1,source
06409_aug_0.png,st_stephen_cathedral_vienna,train,4,source
05460_aug_0.png,colosseum,train,0,source
07927.png,hagia_sophia,val,6,source
08803.png,museu_nacional_dart_de_catalunya,test,3,source
08651.png,petronas_towers,test,1,source
03797_aug_0.png,hagia_sophia,train,6,source
09428.png,gaudi_casa_batllo_barcelona,test,7,source
02703_aug_0.png,museu_nacional_dart_de_catalunya,train,3,source
01478_aug_0.png,gaudi_casa_batllo_barcelona,train,7,source
00606_aug_0.png,berlin_cathedral,train,5,source
06491_aug_0.png,petronas_towers,train,1,source
09150.png,colosseum,test,0,source
02226_aug_0.png,berlin_cathedral,train,5,source
08642.png,rialto_bridge,test,2,source
00101_aug_0.png,petronas_towers,train,1,source
09609.png,st_stephen_cathedral_vienna,test,4,source
04867_aug_0.png,hagia_sophia,train,6,source
04889_aug_0.png,st_stephen_cathedral_vienna,train,4,source
09418.png,gaudi_casa_batllo_barcelona,test,7,source
03829_aug_0.png,st_stephen_cathedral_vienna,train,4,source
03926_aug_0.png,berlin_cathedral,train,5,source
02199_aug_0.png,st_stephen_cathedral_vienna,train,4,source
08800.png,colosseum,test,0,source
00519_aug_0.png,st_stephen_cathedral_vienna,train,4,source
01387_aug_0.png,hagia_sophia,train,6,source
05320_aug_0.png,colosseum,train,0,source
01781_aug_0.png,petronas_towers,train,1,source
09837.png,hagia_sophia,test,6,source
06987_aug_0.png,hagia_sophia,train,6,source
07193.png,museu_nacional_dart_de_catalunya,val,3,source
00118_aug_0.png,gaudi_casa_batllo_barcelona,train,7,source
03156_aug_0.png,berlin_cathedral,train,5,source
03503_aug_0.png,museu_nacional_dart_de_catalunya,train,3,source
07999.png,st_stephen_cathedral_vienna,val,4,source
02542_aug_0.png,rialto_bridge,train,2,source
02322_aug_0.png,rialto_bridge,train,2,source
00612_aug_0.png,rialto_bridge,train,2,source
00391_aug_0.png,petronas_towers,train,1,source
06389_aug_0.png,st_stephen_cathedral_vienna,train,4,source
00697_aug_0.png,hagia_sophia,train,6,source
09200.png,colosseum,test,0,source
08119.png,st_stephen_cathedral_vienna,val,4,source
03413_aug_0.png,museu_nacional_dart_de_catalunya,train,3,source
07498.png,gaudi_casa_batllo_barcelona,val,7,source
09986.png,berlin_cathedral,test,5,source
07108.png,gaudi_casa_batllo_barcelona,val,7,source
05366_aug_0.png,berlin_cathedral,train,5,source
01772_aug_0.png,rialto_bridge,train,2,source
01062_aug_0.png,rialto_bridge,train,2,source
01821_aug_0.png,petronas_towers,train,1,source
02843_aug_0.png,museu_nacional_dart_de_catalunya,train,3,source
07542.png,rialto_bridge,val,2,source
07776.png,berlin_cathedral,val,5,source
02553_aug_0.png,museu_nacional_dart_de_catalunya,train,3,source
05793_aug_0.png,museu_nacional_dart_de_catalunya,train,3,source
01699_aug_0.png,st_stephen_cathedral_vienna,train,4,source
07779.png,st_stephen_cathedral_vienna,val,4,source
01307_aug_0.png,hagia_sophia,train,6,source
00200_aug_0.png,colosseum,train,0,source
00810_aug_0.png,colosseum,train,0,source
01449_aug_0.png,st_stephen_cathedral_vienna,train,4,source
07211.png,petronas_towers,val,1,source
07249.png,st_stephen_cathedral_vienna,val,4,source
04826_aug_0.png,berlin_cathedral,train,5,source
08849.png,st_stephen_cathedral_vienna,test,4,source
03269_aug_0.png,st_stephen_cathedral_vienna,train,4,source
09989.png,st_stephen_cathedral_vienna,test,4,source
02061_aug_0.png,petronas_towers,train,1,source
07196.png,berlin_cathedral,val,5,source
06018_aug_0.png,gaudi_casa_batllo_barcelona,train,7,source
05471_aug_0.png,petronas_towers,train,1,source
01413_aug_0.png,museu_nacional_dart_de_catalunya,train,3,source
03096_aug_0.png,berlin_cathedral,train,5,source
07873.png,museu_nacional_dart_de_catalunya,val,3,source
04071_aug_0.png,petronas_towers,train,1,source
00876_aug_0.png,berlin_cathedral,train,5,source
00620_aug_0.png,colosseum,train,0,source
09448.png,gaudi_casa_batllo_barcelona,test,7,source
05513_aug_0.png,museu_nacional_dart_de_catalunya,train,3,source
04283_aug_0.png,museu_nacional_dart_de_catalunya,train,3,source
07142.png,rialto_bridge,val,2,source
02730_aug_0.png,colosseum,train,0,source
08552.png,rialto_bridge,test,2,source
07607.png,hagia_sophia,val,6,source
07261.png,petronas_towers,val,1,source
09513.png,museu_nacional_dart_de_catalunya,test,3,source
04030_aug_0.png,colosseum,train,0,source
02659_aug_0.png,st_stephen_cathedral_vienna,train,4,source
09319.png,st_stephen_cathedral_vienna,test,4,source
04877_aug_0.png,hagia_sophia,train,6,source
08221.png,petronas_towers,val,1,source
01912_aug_0.png,rialto_bridge,train,2,source
08946.png,berlin_cathedral,test,5,source
00730_aug_0.png,colosseum,train,0,source
04359_aug_0.png,st_stephen_cathedral_vienna,train,4,source
05036_aug_0.png,berlin_cathedral,train,5,source
05357_aug_0.png,hagia_sophia,train,6,source
05862_aug_0.png,rialto_bridge,train,2,source
03380_aug_0.png,colosseum,train,0,source
08008.png,gaudi_casa_batllo_barcelona,val,7,source
06731_aug_0.png,petronas_towers,train,1,source
09641.png,petronas_towers,test,1,source
02339_aug_0.png,st_stephen_cathedral_vienna,train,4,source
02633_aug_0.png,museu_nacional_dart_de_catalunya,train,3,source
06790_aug_0.png,colosseum,train,0,source
07320.png,colosseum,val,0,source
05751_aug_0.png,petronas_towers,train,1,source
07659.png,st_stephen_cathedral_vienna,val,4,source
03392_aug_0.png,rialto_bridge,train,2,source
06066_aug_0.png,berlin_cathedral,train,5,source
03080_aug_0.png,colosseum,train,0,source
03530_aug_0.png,colosseum,train,0,source
05251_aug_0.png,petronas_towers,train,1,source
09593.png,museu_nacional_dart_de_catalunya,test,3,source
07511.png,petronas_towers,val,1,source
09056.png,berlin_cathedral,test,5,source
08042.png,rialto_bridge,val,2,source
00627_aug_0.png,hagia_sophia,train,6,source
01791_aug_0.png,petronas_towers,train,1,source
03420_aug_0.png,colosseum,train,0,source
02288_aug_0.png,gaudi_casa_batllo_barcelona,train,7,source
01579_aug_0.png,st_stephen_cathedral_vienna,train,4,source
04207_aug_0.png,hagia_sophia,train,6,source
08922.png,rialto_bridge,test,2,source
09572.png,rialto_bridge,test,2,source
02486_aug_0.png,berlin_cathedral,train,5,source
03969_aug_0.png,st_stephen_cathedral_vienna,train,4,source
00261_aug_0.png,petronas_towers,train,1,source
08202.png,rialto_bridge,val,2,source
07501.png,petronas_towers,val,1,source
00603_aug_0.png,museu_nacional_dart_de_catalunya,train,3,source
06707_aug_0.png,hagia_sophia,train,6,source
07967.png,hagia_sophia,val,6,source
05717_aug_0.png,hagia_sophia,train,6,source
07961.png,petronas_towers,val,1,source
00310_aug_0.png,colosseum,train,0,source
00162_aug_0.png,rialto_bridge,train,2,source
04012_aug_0.png,rialto_bridge,train,2,source
09063.png,museu_nacional_dart_de_catalunya,test,3,source
09262.png,rialto_bridge,test,2,source
06856_aug_0.png,berlin_cathedral,train,5,source
02150_aug_0.png,colosseum,train,0,source
00998_aug_0.png,gaudi_casa_batllo_barcelona,train,7,source
08698.png,gaudi_casa_batllo_barcelona,test,7,source
01491_aug_0.png,petronas_towers,train,1,source
09460.png,colosseum,test,0,source
06713_aug_0.png,museu_nacional_dart_de_catalunya,train,3,source
07769.png,st_stephen_cathedral_vienna,val,4,source
07176.png,berlin_cathedral,val,5,source
04266_aug_0.png,berlin_cathedral,train,5,source
07958.png,gaudi_casa_batllo_barcelona,val,7,source
04762_aug_0.png,rialto_bridge,train,2,source
08953.png,museu_nacional_dart_de_catalunya,test,3,source
08700.png,colosseum,test,0,source
01933_aug_0.png,museu_nacional_dart_de_catalunya,train,3,source
06616_aug_0.png,berlin_cathedral,train,5,source
02919_aug_0.png,st_stephen_cathedral_vienna,train,4,source
08883.png,museu_nacional_dart_de_catalunya,test,3,source
05542_aug_0.png,rialto_bridge,train,2,source
08506.png,berlin_cathedral,test,5,source
04950_aug_0.png,colosseum,train,0,source
05826_aug_0.png,berlin_cathedral,train,5,source
05307_aug_0.png,hagia_sophia,train,6,source
00043_aug_0.png,museu_nacional_dart_de_catalunya,train,3,source
08397.png,hagia_sophia,val,6,source
00467_aug_0.png,hagia_sophia,train,6,source
06719_aug_0.png,st_stephen_cathedral_vienna,train,4,source
05657_aug_0.png,hagia_sophia,train,6,source
07792.png,rialto_bridge,val,2,source
09042.png,rialto_bridge,test,2,source
03459_aug_0.png,st_stephen_cathedral_vienna,train,4,source
05113_aug_0.png,museu_nacional_dart_de_catalunya,train,3,source
07096.png,berlin_cathedral,val,5,source
05323_aug_0.png,museu_nacional_dart_de_catalunya,train,3,source
06970_aug_0.png,colosseum,train,0,source
05948_aug_0.png,gaudi_casa_batllo_barcelona,train,7,source
04113_aug_0.png,museu_nacional_dart_de_catalunya,train,3,source
08482.png,rialto_bridge,val,2,source
02036_aug_0.png,berlin_cathedral,train,5,source
07351.png,petronas_towers,val,1,source
06588_aug_0.png,gaudi_casa_batllo_barcelona,train,7,source
02629_aug_0.png,st_stephen_cathedral_vienna,train,4,source
09067.png,hagia_sophia,test,6,source
06658_aug_0.png,gaudi_casa_batllo_barcelona,train,7,source
06176_aug_0.png,berlin_cathedral,train,5,source
02632_aug_0.png,rialto_bridge,train,2,source
04958_aug_0.png,gaudi_casa_batllo_barcelona,train,7,source
00427_aug_0.png,hagia_sophia,train,6,source
06189_aug_0.png,st_stephen_cathedral_vienna,train,4,source
07932.png,rialto_bridge,val,2,source
01587_aug_0.png,hagia_sophia,train,6,source
08431.png,petronas_towers,val,1,source
02350_aug_0.png,colosseum,train,0,source
07898.png,gaudi_casa_batllo_barcelona,val,7,source
06591_aug_0.png,petronas_towers,train,1,source
07147.png,hagia_sophia,val,6,source
01081_aug_0.png,petronas_towers,train,1,source
08011.png,petronas_towers,val,1,source
09603.png,museu_nacional_dart_de_catalunya,test,3,source
06626_aug_0.png,berlin_cathedral,train,5,source
01569_aug_0.png,st_stephen_cathedral_vienna,train,4,source
05488_aug_0.png,gaudi_casa_batllo_barcelona,train,7,source
07929.png,st_stephen_cathedral_vienna,val,4,source
08390.png,colosseum,val,0,source
06349_aug_0.png,st_stephen_cathedral_vienna,train,4,source
05573_aug_0.png,museu_nacional_dart_de_catalunya,train,3,source
07063.png,museu_nacional_dart_de_catalunya,val,3,source
00370_aug_0.png,colosseum,train,0,source
07266.png,berlin_cathedral,val,5,source
09177.png,hagia_sophia,test,6,source
08461.png,petronas_towers,val,1,source
05883_aug_0.png,museu_nacional_dart_de_catalunya,train,3,source
03996_aug_0.png,berlin_cathedral,train,5,source
03191_aug_0.png,petronas_towers,train,1,source
09693.png,museu_nacional_dart_de_catalunya,test,3,source
04538_aug_0.png,gaudi_casa_batllo_barcelona,train,7,source
07219.png,st_stephen_cathedral_vienna,val,4,source
06391_aug_0.png,petronas_towers,train,1,source
09471.png,petronas_towers,test,1,source
07411.png,petronas_towers,val,1,source
08606.png,berlin_cathedral,test,5,source
08487.png,hagia_sophia,val,6,source
05069_aug_0.png,st_stephen_cathedral_vienna,train,4,source
07088.png,gaudi_casa_batllo_barcelona,val,7,source
05256_aug_0.png,berlin_cathedral,train,5,source
08679.png,st_stephen_cathedral_vienna,test,4,source
05680_aug_0.png,colosseum,train,0,source
01549_aug_0.png,st_stephen_cathedral_vienna,train,4,source
00031_aug_0.png,petronas_towers,train,1,source
05262_aug_0.png,rialto_bridge,train,2,source
07102.png,rialto_bridge,val,2,source
04552_aug_0.png,rialto_bridge,train,2,source
09207.png,hagia_sophia,test,6,source
01589_aug_0.png,st_stephen_cathedral_vienna,train,4,source
07480.png,colosseum,val,0,source
01869_aug_0.png,st_stephen_cathedral_vienna,train,4,source
07962.png,rialto_bridge,val,2,source
04427_aug_0.png,hagia_sophia,train,6,source
05456_aug_0.png,berlin_cathedral,train,5,source
06513_aug_0.png,museu_nacional_dart_de_catalunya,train,3,source
08121.png,petronas_towers,val,1,source
08929.png,st_stephen_cathedral_vienna,test,4,source
08512.png,rialto_bridge,test,2,source
05082_aug_0.png,rialto_bridge,train,2,source
06577_aug_0.png,hagia_sophia,train,6,source
08352.png,rialto_bridge,val,2,source
02760_aug_0.png,colosseum,train,0,source
06477_aug_0.png,hagia_sophia,train,6,source
00256_aug_0.png,berlin_cathedral,train,5,source
09440.png,colosseum,test,0,source
04926_aug_0.png,berlin_cathedral,train,5,source
04357_aug_0.png,hagia_sophia,train,6,source
05057_aug_0.png,hagia_sophia,train,6,source
01226_aug_0.png,berlin_cathedral,train,5,source
02601_aug_0.png,petronas_towers,train,1,source
03773_aug_0.png,museu_nacional_dart_de_catalunya,train,3,source
00659_aug_0.png,st_stephen_cathedral_vienna,train,4,source
08249.png,st_stephen_cathedral_vienna,val,4,source
02891_aug_0.png,petronas_towers,train,1,source
07172.png,rialto_bridge,val,2,source
07062.png,rialto_bridge,val,2,source
02438_aug_0.png,gaudi_casa_batllo_barcelona,train,7,source
03458_aug_0.png,gaudi_casa_batllo_barcelona,train,7,source
07623.png,museu_nacional_dart_de_catalunya,val,3,source
02278_aug_0.png,gaudi_casa_batllo_barcelona,train,7,source
04840_aug_0.png,colosseum,train,0,source
00260_aug_0.png,colosseum,train,0,source
08757.png,hagia_sophia,test,6,source
07832.png,rialto_bridge,val,2,source
04016_aug_0.png,berlin_cathedral,train,5,source
04242_aug_0.png,rialto_bridge,train,2,source
02631_aug_0.png,petronas_towers,train,1,source
08217.png,hagia_sophia,val,6,source
04441_aug_0.png,petronas_towers,train,1,source
08671.png,petronas_towers,test,1,source
07232.png,rialto_bridge,val,2,source
09866.png,berlin_cathedral,test,5,source
06850_aug_0.png,colosseum,train,0,source
09401.png,petronas_towers,test,1,source
03628_aug_0.png,gaudi_casa_batllo_barcelona,train,7,source
08736.png,berlin_cathedral,test,5,source
08393.png,museu_nacional_dart_de_catalunya,val,3,source
09543.png,museu_nacional_dart_de_catalunya,test,3,source
09116.png,berlin_cathedral,test,5,source
05658_aug_0.png,gaudi_casa_batllo_barcelona,train,7,source
05403_aug_0.png,museu_nacional_dart_de_catalunya,train,3,source
02433_aug_0.png,museu_nacional_dart_de_catalunya,train,3,source
07557.png,hagia_sophia,val,6,source
00733_aug_0.png,museu_nacional_dart_de_catalunya,train,3,source
02769_aug_0.png,st_stephen_cathedral_vienna,train,4,source
02753_aug_0.png,museu_nacional_dart_de_catalunya,train,3,source
05367_aug_0.png,hagia_sophia,train,6,source
05291_aug_0.png,petronas_towers,train,1,source
06593_aug_0.png,museu_nacional_dart_de_catalunya,train,3,source
05557_aug_0.png,hagia_sophia,train,6,source
01670_aug_0.png,colosseum,train,0,source
03036_aug_0.png,berlin_cathedral,train,5,source
07893.png,museu_nacional_dart_de_catalunya,val,3,source
01621_aug_0.png,petronas_towers,train,1,source
04608_aug_0.png,gaudi_casa_batllo_barcelona,train,7,source
06321_aug_0.png,petronas_towers,train,1,source
07739.png,st_stephen_cathedral_vienna,val,4,source
08517.png,hagia_sophia,test,6,source
08391.png,petronas_towers,val,1,source
08793.png,museu_nacional_dart_de_catalunya,test,3,source
06322_aug_0.png,rialto_bridge,train,2,source
09442.png,rialto_bridge,test,2,source
08443.png,museu_nacional_dart_de_catalunya,val,3,source
03888_aug_0.png,gaudi_casa_batllo_barcelona,train,7,source
05252_aug_0.png,rialto_bridge,train,2,source
09692.png,rialto_bridge,test,2,source
03166_aug_0.png,berlin_cathedral,train,5,source
01370_aug_0.png,colosseum,train,0,source
07311.png,petronas_towers,val,1,source
09307.png,hagia_sophia,test,6,source
05342_aug_0.png,rialto_bridge,train,2,source
07852.png,rialto_bridge,val,2,source
06743_aug_0.png,museu_nacional_dart_de_catalunya,train,3,source
08721.png,petronas_towers,test,1,source
04528_aug_0.png,gaudi_casa_batllo_barcelona,train,7,source
07439.png,st_stephen_cathedral_vienna,val,4,source
03848_aug_0.png,gaudi_casa_batllo_barcelona,train,7,source
01201_aug_0.png,petronas_towers,train,1,source
09828.png,gaudi_casa_batllo_barcelona,test,7,source
09480.png,colosseum,test,0,source
04338_aug_0.png,gaudi_casa_batllo_barcelona,train,7,source
04342_aug_0.png,rialto_bridge,train,2,source
07812.png,rialto_bridge,val,2,source
08508.png,gaudi_casa_batllo_barcelona,test,7,source
00779_aug_0.png,st_stephen_cathedral_vienna,train,4,source
09742.png,rialto_bridge,test,2,source
00688_aug_0.png,gaudi_casa_batllo_barcelona,train,7,source
06667_aug_0.png,hagia_sophia,train,6,source
01443_aug_0.png,museu_nacional_dart_de_catalunya,train,3,source
08727.png,hagia_sophia,test,6,source
05823_aug_0.png,museu_nacional_dart_de_catalunya,train,3,source
07019.png,st_stephen_cathedral_vienna,val,4,source
06021_aug_0.png,petronas_towers,train,1,source
04812_aug_0.png,rialto_bridge,train,2,source
07188.png,gaudi_casa_batllo_barcelona,val,7,source
08140.png,colosseum,val,0,source
02042_aug_0.png,rialto_bridge,train,2,source
04838_aug_0.png,gaudi_casa_batllo_barcelona,train,7,source
06687_aug_0.png,hagia_sophia,train,6,source
02099_aug_0.png,st_stephen_cathedral_vienna,train,4,source
00390_aug_0.png,colosseum,train,0,source
03769_aug_0.png,st_stephen_cathedral_vienna,train,4,source
05339_aug_0.png,st_stephen_cathedral_vienna,train,4,source
09801.png,petronas_towers,test,1,source
08647.png,hagia_sophia,test,6,source
07819.png,st_stephen_cathedral_vienna,val,4,source
07028.png,gaudi_casa_batllo_barcelona,val,7,source
04701_aug_0.png,petronas_towers,train,1,source
07946.png,berlin_cathedral,val,5,source
03002_aug_0.png,rialto_bridge,train,2,source
05250_aug_0.png,colosseum,train,0,source
09220.png,colosseum,test,0,source
07278.png,gaudi_casa_batllo_barcelona,val,7,source
07611.png,petronas_towers,val,1,source
09756.png,berlin_cathedral,test,5,source
